roundId,timestamp,price
55340232221131894672,1769082010,89864.43
55340232221131894750,1769084862,89906.40106571
55340232221131894828,1769087832,90019.1
55340232221131894906,1769090666,89459.831
55340232221131894984,1769093518,89262.255
55340232221131895062,1769096184,88756.8
55340232221131895140,1769098948,88826.83
55340232221131895218,1769101750,89256.46585407
55340232221131895296,1769104598,89362.746
55340232221131895374,1769107450,89600.56220583
55340232221131895452,1769110258,89414.61583113
55340232221131895530,1769113198,89782.03438476
55340232221131895608,1769116020,89349.23015558
55340232221131895686,1769118912,89274.697
55340232221131895764,1769121946,89200.86
55340232221131895842,1769124754,89331.66
55340232221131895920,1769127728,89516.84
55340232221131895998,1769130570,89533.023
55340232221131896076,1769133410,89813.14
55340232221131896154,1769136352,89690.23141479
55340232221131896232,1769139170,89781.37834323
55340232221131896310,1769141978,89874.376
55340232221131896388,1769144644,89800.731
55340232221131896466,1769147430,89494.85663124
55340232221131896544,1769150238,89413.48632122
55340232221131896622,1769153178,89536.49533129
55340232221131896700,1769156216,89424.583
55340232221131896778,1769159048,89206.49585492
55340232221131896856,1769161998,88836.343
55340232221131896934,1769164796,88967.26
55340232221131897012,1769167726,89131.06
55340232221131897090,1769170458,89097.95972509
55340232221131897168,1769173530,89188.947
55340232221131897246,1769176492,89225.886
55340232221131897324,1769179330,88904.78264555
55340232221131897402,1769182172,88843.653553
55340232221131897480,1769185138,89613.060259
55340232221131897558,1769188022,89889.33735901
55340232221131897636,1769190808,90559.95
55340232221131897714,1769193660,90742.77
55340232221131897792,1769196430,89954.70844304
55340232221131897870,1769199292,90030.321
55340232221131897948,1769201994,89370.454
55340232221131898026,1769204692,89328.51561347
55340232221131898104,1769207658,89548.173
55340232221131898182,1769210532,89426.678
55340232221131898260,1769213484,89431.6644043
55340232221131898338,1769216382,89345.55999999
55340232221131898416,1769219158,89421.16697442
55340232221131898494,1769222098,89509.481
55340232221131898572,1769225040,89705.055605
55340232221131898650,1769227870,89691.81869999
55340232221131898728,1769230634,89693.19
55340232221131898806,1769233452,89651.03837
55340232221131898884,1769236218,89545.11
55340232221131898962,1769238960,89520.542
55340232221131899040,1769241846,89502.763
55340232221131899118,1769244686,89529.92089758
55340232221131899196,1769247406,89479.13988419
55340232221131899274,1769250204,89489.49868691
55340232221131899352,1769253068,89479.176
55340232221131899430,1769255886,89459.73714609
55340232221131899508,1769258792,89401.33134829
55340232221131899586,1769261778,89398.282
55340232221131899664,1769264598,89335.862426
55340232221131899742,1769267592,89311.82
55340232221131899820,1769270582,89109.565918
55340232221131899898,1769273616,89155.87617418
55340232221131899976,1769276490,89257.72566255
55340232221131900054,1769279168,89264.206126
55340232221131900132,1769281910,89186.865
55340232221131900210,1769284706,89180.90131359
55340232221131900288,1769287372,89243.32790827
55340232221131900366,1769290014,89209.20488573
55340232221131900444,1769292624,89273.3
55340232221131900522,1769295278,89198.733
55340232221131900600,1769298098,89210.756
55340232221131900678,1769301086,89079.566876
55340232221131900756,1769304016,89094.23
55340232221131900834,1769306894,89101.55896535
55340232221131900912,1769309738,89025.59297702
55340232221131900990,1769312552,88803.862538
55340232221131901068,1769315282,88819.16820062
55340232221131901146,1769318028,88895.48376547
55340232221131901224,1769320726,88858.31291704
55340232221131901302,1769323370,88698.173
55340232221131901380,1769326044,88646.11174003
55340232221131901458,1769328654,88597.385831
55340232221131901536,1769331298,88172.39645876
55340232221131901614,1769334094,88305.609611
55340232221131901692,1769336858,88420.758127
55340232221131901770,1769339502,88490.319441
55340232221131901848,1769342188,88419.54705712
55340232221131901926,1769345254,88648.58378385
55340232221131902004,1769348368,88678.49835946
55340232221131902082,1769351384,88586.798515
55340232221131902160,1769354422,88561.29116
55340232221131902238,1769357354,87955.76909229
55340232221131902316,1769360140,87936.158265
55340232221131902394,1769363046,87837.95811804
55340232221131902472,1769365826,87416.597
55340232221131902550,1769368546,87186.145
55340232221131902628,1769371250,86449.35984232
55340232221131902706,1769374042,86186.45
55340232221131902784,1769376822,86598.9051967
55340232221131902862,1769379470,86326.484
55340232221131902940,1769382222,86398.5
55340232221131903018,1769385146,86685.86
55340232221131903096,1769387984,86668.89118319
55340232221131903174,1769390900,87448.209
55340232221131903252,1769393778,87411.18947213
55340232221131903330,1769396576,87417.804009
55340232221131903408,1769399364,87168.82661583
55340232221131903486,1769401984,87787.63730186
55340232221131903564,1769404618,87606.729
55340232221131903642,1769407348,87699.377
55340232221131903720,1769410134,87832.09819832
55340232221131903798,1769413097,87824.0
55340232221131903876,1769415871,88080.913
55340232221131903954,1769418515,87730.395
55340232221131904032,1769421181,87546.31701349
55340232221131904110,1769423833,87806.89664386
55340232221131904188,1769426445,87877.74
55340232221131904266,1769429099,87862.199
55340232221131904344,1769431875,87687.145908
55340232221131904422,1769434793,87857.46825499
55340232221131904500,1769437511,87592.22454053
55340232221131904578,1769440111,88137.61
55340232221131904656,1769442643,87522.17
55340232221131904734,1769445421,87562.25
55340232221131904812,1769448217,87321.76059669
55340232221131904890,1769450959,87699.5615907
55340232221131904968,1769453691,88182.24865374
55340232221131905046,1769456401,88187.39813851
55340232221131905124,1769459097,87789.95339021
55340232221131905202,1769461807,87632.761672
55340232221131905280,1769464495,88045.994469
55340232221131905358,1769467241,88025.06
55340232221131905436,1769469981,88303.9
55340232221131905514,1769472647,88151.535
55340232221131905592,1769475301,88270.453494
55340232221131905670,1769478031,88520.55
55340232221131905748,1769480619,88535.86362431
55340232221131905826,1769483295,88623.46
55340232221131905904,1769485961,88645.28373053
55340232221131905982,1769488593,88679.719
55340232221131906060,1769491213,88296.115
55340232221131906138,1769493935,88395.72472502
55340232221131906216,1769496621,88233.381261
55340232221131906294,1769499287,88447.72
55340232221131906372,1769502017,88244.526
55340232221131906450,1769504781,87974.47090686
55340232221131906528,1769507545,87854.50862455
55340232221131906606,1769510321,87706.882402
55340232221131906684,1769513121,87736.2
55340232221131906762,1769515807,87895.67914915
55340232221131906840,1769518571,87866.31257881
55340232221131906918,1769521391,87927.096
55340232221131906996,1769524353,88101.41922
55340232221131907074,1769527021,87736.04
55340232221131907152,1769529839,87980.77
55340232221131907230,1769532857,88565.95
55340232221131907308,1769535445,87544.06
55340232221131907386,1769538055,87685.76141
55340232221131907464,1769540709,88046.94433
55340232221131907542,1769543385,88355.557
55340232221131907620,1769546051,88884.55
55340232221131907698,1769548759,89206.796
55340232221131907776,1769551545,89004.003
55340232221131907854,1769554299,89174.3
55340232221131907932,1769556965,89303.843
55340232221131908010,1769559705,89124.13847609
55340232221131908088,1769562427,89336.107
55340232221131908166,1769565255,89301.38060042
55340232221131908244,1769568099,89090.95267
55340232221131908322,1769570961,88938.98273419
55340232221131908400,1769573669,88825.29
55340232221131908478,1769576451,88922.59794078
55340232221131908556,1769579241,88885.878
55340232221131908634,1769582027,89193.28337
55340232221131908712,1769584791,89110.42
55340232221131908790,1769587513,89089.4940126
55340232221131908868,1769590177,88934.26435097
55340232221131908946,1769592805,89008.59
55340232221131909024,1769595515,89325.60003879
55340232221131909102,1769598147,89323.51
55340232221131909180,1769600823,89503.55
55340232221131909258,1769603465,89792.59946121
55340232221131909336,1769606231,90099.54
55340232221131909414,1769608965,90114.762
55340232221131909492,1769611871,89506.37700868
55340232221131909570,1769614592,89223.46988
55340232221131909648,1769617346,89334.18
55340232221131909726,1769620286,89593.95
55340232221131909804,1769622918,90329.03
55340232221131909882,1769625760,89508.17684526
55340232221131909960,1769628420,89423.58
55340232221131910038,1769631108,89488.69472825
55340232221131910116,1769633762,89007.85
55340232221131910194,1769636598,89322.32
55340232221131910272,1769639394,89135.43642
55340232221131910350,1769642198,89303.578
55340232221131910428,1769644940,89195.56
55340232221131910506,1769647682,88826.16878174
55340232221131910584,1769650468,88648.27
55340232221131910662,1769653198,88566.17798267
55340232221131910740,1769655764,87797.95929276
55340232221131910818,1769658410,87963.78
55340232221131910896,1769661130,88054.1897
55340232221131910974,1769663752,88211.26212068
55340232221131911052,1769666494,88070.00209277
55340232221131911130,1769669260,88130.34536017
55340232221131911208,1769672058,88138.70178995
55340232221131911286,1769674942,87880.35729034
55340232221131911364,1769677664,87950.81719254
55340232221131911442,1769680390,87821.1341051
55340232221131911520,1769683046,87797.03
55340232221131911598,1769685852,87745.55060811
55340232221131911676,1769688662,87892.94247
55340232221131911754,1769691382,87891.30021244
55340232221131911832,1769694232,87952.50487314
55340232221131911910,1769697018,87766.91231
55340232221131911988,1769699540,85538.38
55340232221131912066,1769701854,84339.6
55340232221131912144,1769704334,84349.50251
55340232221131912222,1769707020,85017.07
55340232221131912300,1769709668,84167.79793267
55340232221131912378,1769712304,83885.84626877
55340232221131912456,1769714892,83556.63271
55340232221131912534,1769717480,83855.29958
55340232221131912612,1769720134,84106.22562
55340232221131912690,1769722798,84296.6201729
55340232221131912768,1769725400,84313.5762796
55340232221131912846,1769728040,84368.07
55340232221131912924,1769730662,84576.434
55340232221131913002,1769733282,84214.02565
55340232221131913080,1769735848,84025.60471724
55340232221131913158,1769737952,82097.39457
55340232221131913236,1769740176,81239.963
55340232221131913314,1769742654,82096.08781
55340232221131913392,1769745274,82463.81
55340232221131913470,1769747940,82822.78
55340232221131913548,1769750518,82934.72
55340232221131913626,1769753084,82769.62
55340232221131913704,1769755682,82062.456
55340232221131913782,1769758260,82479.49
55340232221131913860,1769760868,82710.13210021
55340232221131913938,1769763500,82498.99335331
55340232221131914016,1769766050,82480.7700655
55340232221131914094,1769768670,82392.558
55340232221131914172,1769771292,82666.91
55340232221131914250,1769773900,82752.09462564
55340232221131914328,1769776510,82550.28549738
55340232221131914406,1769779142,82575.94068534
55340232221131914484,1769781696,82711.98
55340232221131914562,1769784208,83440.62
55340232221131914640,1769786564,82986.94886
55340232221131914718,1769788922,82796.076
55340232221131914796,1769791366,83178.093
55340232221131914874,1769793932,83178.17373838
55340232221131914952,1769796354,83082.01
55340232221131915030,1769798690,82903.70889
55340232221131915108,1769801028,84243.469
55340232221131915186,1769803538,83860.38
55340232221131915264,1769805950,83816.84
55340232221131915342,1769808484,84152.26
55340232221131915420,1769811082,84049.6
55340232221131915498,1769813650,84002.93339863
55340232221131915576,1769816216,83873.895
55340232221131915654,1769818804,84074.9588887
55340232221131915732,1769821412,84005.5296298
55340232221131915810,1769824012,83824.32
55340232221131915888,1769826598,83753.58545738
55340232221131915966,1769829300,84030.63318007
55340232221131916044,1769831910,83909.65754569
55340232221131916122,1769834598,83964.82403891
55340232221131916200,1769837208,83813.28855124
55340232221131916278,1769839796,83858.50706
55340232221131916356,1769842406,83628.26
55340232221131916434,1769844972,83398.53
55340232221131916512,1769847560,83122.71841035
55340232221131916590,1769850048,82996.31262985
55340232221131916668,1769852648,83089.49265
55340232221131916746,1769855258,82929.971
55340232221131916824,1769857826,82917.09
55340232221131916902,1769860524,82832.29269
55340232221131916980,1769863178,82776.97841081
55340232221131917058,1769865766,82674.84
55340232221131917136,1769868344,82772.05179877
55340232221131917214,1769870682,80876.24
55340232221131917292,1769873148,81123.67877
55340232221131917370,1769875758,80834.0
55340232221131917448,1769877984,80796.29
55340232221131917526,1769880038,78641.4864046
55340232221131917604,1769882216,78865.965048
55340232221131917682,1769884680,77919.8
55340232221131917760,1769886456,77966.211
55340232221131917838,1769888778,77516.01
55340232221131917916,1769891190,77487.686
55340232221131917994,1769893668,77808.47
55340232221131918072,1769896180,78067.503074
55340232221131918150,1769898760,78186.5467
55340232221131918228,1769901194,78118.51
55340232221131918306,1769903728,78681.12507476
55340232221131918384,1769906204,78814.198593
55340232221131918462,1769908750,78379.98
55340232221131918540,1769911316,78375.643053
55340232221131918618,1769913860,78699.7
55340232221131918696,1769916460,78699.79583409
55340232221131918774,1769919024,78776.69222606
55340232221131918852,1769921614,78933.773
55340232221131918930,1769924180,78740.532009
55340232221131919008,1769926768,78636.86
55340232221131919086,1769929344,78218.58682439
55340232221131919164,1769931854,78501.61981
55340232221131919242,1769934420,78282.669238
55340232221131919320,1769937022,78693.66353177
55340232221131919398,1769939610,78730.4
55340232221131919476,1769942192,78457.91233886
55340232221131919554,1769944780,78365.41
55340232221131919632,1769947400,78551.5018928
55340232221131919710,1769950064,78405.01
55340232221131919788,1769952700,78581.981
55340232221131919866,1769955288,78111.18
55340232221131919944,1769957754,78207.34060348
55340232221131920022,1769960134,76889.17
55340232221131920100,1769962558,77476.78
55340232221131920178,1769964918,77291.92
55340232221131920256,1769967436,77308.375
55340232221131920334,1769970012,78172.112558
55340232221131920412,1769972634,77767.95
55340232221131920490,1769975222,77153.32
55340232221131920568,1769977786,76592.47
55340232221131920646,1769980288,76587.14
55340232221131920724,1769982720,76713.723
55340232221131920802,1769984978,77033.528
55340232221131920880,1769987350,75927.74
55340232221131920958,1769989428,77205.938802
55340232221131921036,1769991706,77786.79951549
55340232221131921114,1769994186,77721.39230905
55340232221131921192,1769996408,77658.22
55340232221131921270,1769998866,77117.93
55340232221131921348,1770001452,76358.85
55340232221131921426,1770003622,74685.12
55340232221131921504,1770005738,75472.16312902
55340232221131921582,1770007972,75955.82
55340232221131921660,1770010340,75128.70632021
55340232221131921738,1770012576,75473.600263
55340232221131921816,1770014756,76124.96
55340232221131921894,1770017170,76359.41160166
55340232221131921972,1770019646,76712.649624
55340232221131922050,1770022014,76755.23
55340232221131922128,1770024568,77183.277
55340232221131922206,1770027058,77641.44901
55340232221131922284,1770029700,77497.79
55340232221131922362,1770032332,77838.55880368
55340232221131922440,1770034954,77968.64812564
55340232221131922518,1770037532,77764.0
55340232221131922596,1770040086,77859.29
55340232221131922674,1770042620,78188.72
55340232221131922752,1770044628,77768.885885
55340232221131922830,1770046830,79192.21
55340232221131922908,1770049252,79123.257
55340232221131922986,1770051686,78666.668
55340232221131923064,1770054186,78759.247
55340232221131923142,1770056774,78438.5
55340232221131923220,1770059396,78337.04
55340232221131923298,1770061962,78307.85404903
55340232221131923376,1770064582,78227.91
55340232221131923454,1770067104,78308.705763
55340232221131923532,1770069792,78531.047543
55340232221131923610,1770072380,78697.55
55340232221131923688,1770074978,78542.0
55340232221131923766,1770077576,78345.318
55340232221131923844,1770080164,78892.09237958
55340232221131923922,1770082730,78798.09866841
55340232221131924000,1770085340,78693.79
55340232221131924078,1770087950,77686.12814
55340232221131924156,1770090560,78478.068944
55340232221131924234,1770093152,78528.046
55340232221131924312,1770095740,78421.0
55340232221131924390,1770098328,78198.67577051
55340232221131924468,1770100920,78421.493378
55340232221131924546,1770103518,78580.679
55340232221131924624,1770106140,78705.258352
55340232221131924702,1770108738,78790.16
55340232221131924780,1770111316,78140.639712
55340232221131924858,1770113882,78450.34534
55340232221131924936,1770116570,78055.97
55340232221131925014,1770119216,78260.82
55340232221131925092,1770121770,78245.05347742
55340232221131925170,1770124380,78297.67809379
55340232221131925248,1770126978,78216.73646639
55340232221131925326,1770129468,77882.940307
55340232221131925404,1770131714,77109.14
55340232221131925482,1770133894,78000.95
55340232221131925560,1770136208,76631.139
55340232221131925638,1770138608,76063.22
55340232221131925716,1770140998,74931.10496956
55340232221131925794,1770143292,74235.975
55340232221131925872,1770145474,73072.50056
55340232221131925950,1770147344,74863.811
55340232221131926028,1770149734,74630.070686
55340232221131926106,1770151908,76459.932
55340232221131926184,1770154404,76439.13163589
55340232221131926262,1770156936,75638.62
55340232221131926340,1770159426,75514.34085621
55340232221131926418,1770161970,75870.55548836
55340232221131926496,1770164440,75714.437289
55340232221131926574,1770167084,76316.86558987
55340232221131926652,1770169648,76475.989278
55340232221131926730,1770172226,76084.77289825
55340232221131926808,1770174760,76463.4
55340232221131926886,1770177336,76635.8835973
55340232221131926964,1770180002,76564.41107216
55340232221131927042,1770182644,76294.88081465
55340232221131927120,1770185244,76368.79
55340232221131927198,1770187864,76532.57576509
55340232221131927276,1770190476,76341.96756084
55340232221131927354,1770193064,76365.64
55340232221131927432,1770195640,76461.901
55340232221131927510,1770198194,76037.418629
55340232221131927588,1770200782,76027.742
55340232221131927666,1770203404,75698.08899939
55340232221131927744,1770206014,75989.18396
55340232221131927822,1770208656,76011.962856
55340232221131927900,1770211400,75671.55863611
55340232221131927978,1770213920,74935.08439029
55340232221131928056,1770216112,74994.15281561
55340232221131928134,1770218096,74794.22194578
55340232221131928212,1770220177,74018.00708861
55340232221131928290,1770222445,74010.98531666
55340232221131928368,1770224659,73352.05
55340232221131928446,1770226829,72140.06
55340232221131928524,1770228877,72740.06664084
55340232221131928602,1770230893,73537.04912794
55340232221131928680,1770233315,73000.84020556
55340232221131928758,1770235705,73632.26622445
55340232221131928836,1770238217,73483.42130946
55340232221131928914,1770240827,73112.56
55340232221131928992,1770243231,72042.81
55340232221131929070,1770245433,72676.22
55340232221131929148,1770247857,73185.79
55340232221131929226,1770250389,72698.11
55340232221131929304,1770252901,72816.466421
55340232221131929382,1770255213,72622.194245
55340232221131929460,1770257559,71966.114934
55340232221131929538,1770259895,71686.77
55340232221131929616,1770262155,71324.0
55340232221131929694,1770264523,70655.89120687
55340232221131929772,1770266691,71196.398211
55340232221131929850,1770269213,70076.52
55340232221131929928,1770271479,70441.21047458
55340232221131930006,1770273975,70839.41
55340232221131930084,1770276409,71275.27
55340232221131930162,1770278887,70826.32
55340232221131930240,1770281431,70985.079928
55340232221131930318,1770283831,71626.275632
55340232221131930396,1770286421,71266.82
55340232221131930474,1770289021,70667.76671616
55340232221131930552,1770291327,70185.48348928
55340232221131930630,1770293661,69906.45671134
55340232221131930708,1770295865,69305.08457454
55340232221131930786,1770298199,69140.528713
55340232221131930864,1770300589,69747.70422133
55340232221131930942,1770302715,70350.24
55340232221131931020,1770304653,68460.3609257
55340232221131931098,1770306129,67592.796073
55340232221131931176,1770308011,66895.27
55340232221131931254,1770310071,67468.22036109
55340232221131931332,1770312197,66799.72653589
55340232221131931410,1770314135,66472.620541
55340232221131931488,1770315963,65633.49
55340232221131931566,1770318033,66106.588911
55340232221131931644,1770320093,65821.06
55340232221131931722,1770322255,65350.82116429
55340232221131931800,1770323891,63530.49
55340232221131931878,1770325465,64258.79646074
55340232221131931956,1770327139,63987.884798
55340232221131932034,1770329023,63298.64135485
55340232221131932112,1770330807,63634.87434827
55340232221131932190,1770332811,64384.35027515
55340232221131932268,1770334959,63438.18
55340232221131932346,1770336743,61163.5
55340232221131932424,1770338283,62511.77
55340232221131932502,1770339915,64290.31455886
55340232221131932580,1770341675,64335.004
55340232221131932658,1770343581,65235.09
55340232221131932736,1770345785,65094.39617463
55340232221131932814,1770347887,64533.999
55340232221131932892,1770350189,63991.299242
55340232221131932970,1770352347,64776.98290454
55340232221131933048,1770354803,65417.87
55340232221131933126,1770357103,66194.452785
55340232221131933204,1770359307,65725.05707747
55340232221131933282,1770361489,64692.2
55340232221131933360,1770363827,65241.29599533
55340232221131933438,1770366083,65099.651
55340232221131933516,1770368335,64791.079215
55340232221131933594,1770370801,65682.827328
55340232221131933672,1770373191,65910.9728635
55340232221131933750,1770375647,65767.69652105
55340232221131933828,1770378257,66139.97
55340232221131933906,1770380645,66300.27
55340232221131933984,1770383025,66552.62720082
55340232221131934062,1770385217,67121.92
55340232221131934140,1770387563,66922.85483404
55340232221131934218,1770389611,68462.7
55340232221131934296,1770391603,68106.842
55340232221131934374,1770393719,68726.08
55340232221131934452,1770395957,69680.360319
55340232221131934530,1770398117,70182.2653204
55340232221131934608,1770400285,70760.51430869
55340232221131934686,1770402445,69427.87034836
55340232221131934764,1770404801,69953.24820534
55340232221131934842,1770407201,70408.07213095
55340232221131934920,1770409657,70506.664
55340232221131934998,1770412095,69982.62416
55340232221131935076,1770414673,70361.14490324
55340232221131935154,1770417205,70820.43863074
55340232221131935232,1770419583,71119.61484
55340232221131935310,1770422017,70516.81
55340232221131935388,1770424407,69957.442444
55340232221131935466,1770426851,69758.67
55340232221131935544,1770429373,70471.128293
55340232221131935622,1770431929,70468.692
55340232221131935700,1770434471,70586.02
55340232221131935778,1770437083,71100.44977511
55340232221131935856,1770439483,70642.67866066
55340232221131935934,1770441993,70721.85
55340232221131936012,1770444537,70076.9
55340232221131936090,1770447005,69757.11824173
55340232221131936168,1770449031,67747.87
55340232221131936246,1770451223,68000.24
55340232221131936324,1770453545,68392.9
55340232221131936402,1770456069,68581.46540677
55340232221131936480,1770458601,68114.489092
55340232221131936558,1770461133,67792.0
55340232221131936636,1770463689,67899.5912191
55340232221131936714,1770466221,68640.97498274
55340232221131936792,1770468393,69079.46
55340232221131936870,1770470893,69186.867
55340232221131936948,1770473337,68959.52443265
55340232221131937026,1770475815,68474.196908
55340232221131937104,1770478293,69238.0
55340232221131937182,1770480565,69443.959851
55340232221131937260,1770482833,69085.76
55340232221131937338,1770485367,69029.67
55340232221131937416,1770487923,68975.66713
55340232221131937494,1770490437,69528.762
55340232221131937572,1770493013,69341.05175349
55340232221131937650,1770495613,69352.41
55340232221131937728,1770498223,69455.55
55340232221131937806,1770500825,69319.56628375
55340232221131937884,1770503435,69503.965
55340232221131937962,1770506001,68966.19311114
55340232221131938040,1770508611,69246.69
55340232221131938118,1770511213,68975.96596008
55340232221131938196,1770513757,69217.38517156
55340232221131938274,1770516335,69285.03686174
55340232221131938352,1770518911,69284.0
55340232221131938430,1770521489,69285.81981229
55340232221131938508,1770524121,69024.51109412
55340232221131938586,1770526741,69236.31557046
55340232221131938664,1770529439,69149.38969811
55340232221131938742,1770532117,69320.07659442
55340232221131938820,1770534715,69247.106773
55340232221131938898,1770537303,69570.74584417
55340232221131938976,1770539715,70593.262922
55340232221131939054,1770542269,70378.23023574
55340232221131939132,1770544759,70160.92
55340232221131939210,1770547323,70167.668
55340232221131939288,1770549891,70553.578495
55340232221131939366,1770552423,70827.59322286
55340232221131939444,1770554955,70987.88
55340232221131939522,1770557533,71288.8374812
55340232221131939600,1770560117,71363.64151395
55340232221131939678,1770562671,71171.273284
55340232221131939756,1770565237,71192.73
55340232221131939834,1770567813,71145.57
55340232221131939912,1770570303,70590.429506
55340232221131939990,1770572859,70693.09
55340232221131940068,1770575479,71044.026858
55340232221131940146,1770578035,71190.799792
55340232221131940224,1770580655,71372.01
55340232221131940302,1770583221,71048.43
55340232221131940380,1770585923,71044.01
55340232221131940458,1770588523,70747.40179837
55340232221131940536,1770591143,70825.50507693
55340232221131940614,1770593283,70527.72086645
55340232221131940692,1770595497,70377.10281236
55340232221131940770,1770597907,70234.41247143
55340232221131940848,1770600341,70860.747
55340232221131940926,1770602731,70312.345382
55340232221131941004,1770605255,70727.27756719
55340232221131941082,1770607821,70807.80779852
55340232221131941160,1770610375,70993.144269
55340232221131941238,1770612953,70921.51
55340232221131941316,1770615541,71007.021
55340232221131941394,1770618117,70427.48030132
55340232221131941472,1770620693,70573.46535929
55340232221131941550,1770623315,70412.805957
55340232221131941628,1770625903,69862.03
55340232221131941706,1770628417,69918.17
55340232221131941784,1770630983,69482.51121297
55340232221131941862,1770633515,68649.514
55340232221131941940,1770636017,68630.39
55340232221131942018,1770638615,68949.18
55340232221131942096,1770641367,69045.5
55340232221131942174,1770644077,69067.88
55340232221131942252,1770646587,68534.89136533
55340232221131942330,1770648713,69316.43
55340232221131942408,1770651003,68883.976994
55340232221131942486,1770653383,69214.08979313
55340232221131942564,1770655805,70093.854343
55340232221131942642,1770658361,70122.13
55340232221131942720,1770660871,70524.78992199
55340232221131942798,1770663339,70220.59
55340232221131942876,1770665937,70750.355
55340232221131942954,1770668463,70602.97340567
55340232221131943032,1770671073,70582.74986052
55340232221131943110,1770673651,69830.54766054
55340232221131943188,1770676227,70445.25
55340232221131943266,1770678903,70404.162243
55340232221131943344,1770681547,70138.641978
55340232221131943422,1770684179,69774.744226
55340232221131943500,1770686777,70319.040206
55340232221131943578,1770689397,70272.2
55340232221131943656,1770692069,70111.47
55340232221131943734,1770694667,69289.89587586
55340232221131943812,1770697399,69683.870018
55340232221131943890,1770700097,69660.45718188
55340232221131943968,1770702729,69254.568506
55340232221131944046,1770705351,69225.8581457
55340232221131944124,1770707939,68993.912
55340232221131944202,1770710625,68858.52
55340232221131944280,1770713359,69095.676734
55340232221131944358,1770715995,69115.05860579
55340232221131944436,1770718693,68967.8945961
55340232221131944514,1770721391,68824.92
55340232221131944592,1770723989,68524.39378439
55340232221131944670,1770726599,68702.36044428
55340232221131944748,1770729265,68517.419
55340232221131944826,1770731863,68946.313
55340232221131944904,1770734319,68416.02
55340232221131944982,1770736367,68809.14530921
55340232221131945060,1770738723,69193.82529
55340232221131945138,1770741125,69379.209639
55340232221131945216,1770743723,69365.01
55340232221131945294,1770746311,69762.992669
55340232221131945372,1770748955,68958.401337
55340232221131945450,1770751545,68760.16
55340232221131945528,1770754099,68955.91818563
55340232221131945606,1770756785,68779.65128318
55340232221131945684,1770759407,68454.3
55340232221131945762,1770762039,68559.32
55340232221131945840,1770764737,68611.96
55340232221131945918,1770767391,68792.59
55340232221131945996,1770769991,69088.64419968
55340232221131946074,1770772645,69159.06938398
55340232221131946152,1770775321,68992.31539647
55340232221131946230,1770777963,68723.605
55340232221131946308,1770780607,68238.603266
55340232221131946386,1770783205,68055.76174084
55340232221131946464,1770785773,67429.14221482
55340232221131946542,1770788469,67491.84259593
55340232221131946620,1770790893,66934.016883
55340232221131946698,1770793449,66699.99
55340232221131946776,1770796047,67108.54424704
55340232221131946854,1770798701,66789.35137144
55340232221131946932,1770801379,66922.93853073
55340232221131947010,1770804111,66760.97607984
55340232221131947088,1770806753,66711.41
55340232221131947166,1770809341,67019.646
55340232221131947244,1770811951,67088.55422026
55340232221131947322,1770814573,67082.44679536
55340232221131947400,1770816965,67293.45
55340232221131947478,1770819245,68349.95795458
55340232221131947556,1770821459,66747.34
55340232221131947634,1770823429,66282.52865719
55340232221131947712,1770825733,66520.766644
55340232221131947790,1770828079,66404.35146366
55340232221131947868,1770830603,66525.285341
55340232221131947946,1770833177,66272.06
55340232221131948024,1770835701,67126.166646
55340232221131948102,1770838245,67322.47
55340232221131948180,1770840865,67577.9495043
55340232221131948258,1770843453,67562.393
55340232221131948336,1770846031,68102.427745
55340232221131948414,1770848673,67564.67
55340232221131948492,1770851305,67330.44
55340232221131948570,1770853871,66860.15743749
55340232221131948648,1770856493,67417.48
55340232221131948726,1770859109,67699.20703717
55340232221131948804,1770861719,67593.315
55340232221131948882,1770864383,67674.443234
55340232221131948960,1770867027,67329.84618514
55340232221131949038,1770869659,67542.884
55340232221131949116,1770872281,67043.31976618
55340232221131949194,1770874933,67044.63
55340232221131949272,1770877555,67211.31
55340232221131949350,1770880153,66978.84308888
55340232221131949428,1770882809,67119.19416824
55340232221131949506,1770885463,66977.88
55340232221131949584,1770888083,67200.03546101
55340232221131949662,1770890737,67518.56162328
55340232221131949740,1770893491,67807.28452477
55340232221131949818,1770896133,68116.91732071
55340232221131949896,1770898801,67886.00670932
55340232221131949974,1770901401,67754.58270864
55340232221131950052,1770903977,68023.73
55340232221131950130,1770906521,67965.57716672
55340232221131950208,1770908779,67194.54774339
55340232221131950286,1770911057,67431.651091
55340232221131950364,1770913353,66224.0
55340232221131950442,1770915599,65763.859454
55340232221131950520,1770917895,66131.24387604
55340232221131950598,1770920389,65313.42665822
55340232221131950676,1770922901,65556.68865
55340232221131950754,1770925445,65925.40572937
55340232221131950832,1770928055,65476.45
55340232221131950910,1770930621,65562.582486
55340232221131950988,1770933199,65799.88012608
55340232221131951066,1770935819,65973.81832717
55340232221131951144,1770938407,66286.77
55340232221131951222,1770940963,66358.591104
55340232221131951300,1770943571,65907.724
55340232221131951378,1770946183,66182.86162201
55340232221131951456,1770948771,66494.16
55340232221131951534,1770951413,66649.78572359
55340232221131951612,1770954023,66614.19981878
55340232221131951690,1770956599,66428.738
55340232221131951768,1770959191,66305.612
55340232221131951846,1770961809,66395.452
55340232221131951924,1770964397,65993.21
55340232221131952002,1770966985,66481.393586
55340232221131952080,1770969617,66152.14
55340232221131952158,1770972215,66402.077685
55340232221131952236,1770974881,66713.44
55340232221131952314,1770977491,66825.30384198
55340232221131952392,1770980101,66986.66
55340232221131952470,1770982655,66847.16600819
55340232221131952548,1770985243,66985.89
55340232221131952626,1770987821,67105.69492558
55340232221131952704,1770990389,67224.922641
55340232221131952782,1770992989,67261.767253
55340232221131952860,1770995103,67828.72710135
55340232221131952938,1770997493,68718.26
55340232221131953016,1770999959,68933.74804903
55340232221131953094,1771002405,68896.861
55340232221131953172,1771004905,68975.0
55340232221131953250,1771007455,69005.07717
55340232221131953328,1771010047,69082.45
55340232221131953406,1771012647,69005.74
55340232221131953484,1771015247,68791.886682
55340232221131953562,1771017867,68907.7174773
55340232221131953640,1771020555,68865.78
55340232221131953718,1771023165,68897.16
55340232221131953796,1771025763,68882.68
55340232221131953874,1771028395,68814.48
55340232221131953952,1771031049,68964.48304711
55340232221131954030,1771033663,68989.57
55340232221131954108,1771036285,68849.328
55340232221131954186,1771038871,68872.84
55340232221131954264,1771041537,68940.65181893
55340232221131954342,1771044135,68830.24
55340232221131954420,1771046823,68862.18416771
55340232221131954498,1771049447,68704.61647122
55340232221131954576,1771052071,68885.757161
55340232221131954654,1771054725,68948.26368803
55340232221131954732,1771057323,69449.96712076
55340232221131954810,1771059911,69803.38488637
55340232221131954888,1771062599,69676.67571532
55340232221131954966,1771065233,69591.142
55340232221131955044,1771067887,69957.694146
55340232221131955122,1771070453,70414.5
55340232221131955200,1771073025,70059.502994
55340232221131955278,1771075689,69390.04
55340232221131955356,1771078369,69406.0520377
55340232221131955434,1771081075,69810.438739
55340232221131955512,1771083895,69806.78
55340232221131955590,1771086617,69362.707
55340232221131955668,1771089479,69773.104804
55340232221131955746,1771092101,69660.02694471
55340232221131955824,1771094701,69769.879941
55340232221131955902,1771097299,69842.936
55340232221131955980,1771099933,69818.54
55340232221131956058,1771102589,69957.726
55340232221131956136,1771105243,69661.22
55340232221131956214,1771107841,69801.64348631
55340232221131956292,1771110455,69957.86175205
55340232221131956370,1771113033,69803.99402392
55340232221131956448,1771115641,69705.05628708
55340232221131956526,1771118287,69812.873902
55340232221131956604,1771120897,69665.103
55340232221131956682,1771123563,69517.28706252
55340232221131956760,1771126193,69453.64708583
55340232221131956838,1771128815,70371.470718
55340232221131956916,1771131447,70096.71
55340232221131956994,1771134057,70290.388
55340232221131957072,1771136689,70334.34792172
55340232221131957150,1771139289,70326.945911
55340232221131957228,1771141865,70721.0
55340232221131957306,1771144497,70258.242121
55340232221131957384,1771147075,70566.825
55340232221131957462,1771149673,70368.271078
55340232221131957540,1771152295,70394.63933864
55340232221131957618,1771154915,70337.463623
55340232221131957696,1771157549,70162.708872
55340232221131957774,1771160113,69606.1646183
55340232221131957852,1771162767,68950.718111
55340232221131957930,1771165565,69010.74349089
55340232221131958008,1771168141,69194.778584
55340232221131958086,1771170719,69018.75768113
55340232221131958164,1771173331,68988.68876842
55340232221131958242,1771175945,68921.37
55340232221131958320,1771178589,68513.518
55340232221131958398,1771181197,68454.18
55340232221131958476,1771183885,68441.44
55340232221131958554,1771186507,68376.70313874
55340232221131958632,1771189161,68412.42405974
55340232221131958710,1771191851,68703.932
55340232221131958788,1771194495,68966.55263726
55340232221131958866,1771197093,68496.83954521
55340232221131958944,1771199703,68735.94785785
55340232221131959022,1771202369,68847.56
55340232221131959100,1771205049,68682.90902391
55340232221131959178,1771207637,68674.424359
55340232221131959256,1771210227,68350.15698177
55340232221131959334,1771212925,68181.454
55340232221131959412,1771215525,68698.639714
55340232221131959490,1771218149,68709.544751
55340232221131959568,1771220725,68332.133621
55340232221131959646,1771223369,68297.21
55340232221131959724,1771225997,68519.31
55340232221131959802,1771228669,68517.557515
55340232221131959880,1771231303,68707.44
55340232221131959958,1771233955,68889.72
55340232221131960036,1771236691,68917.832345
55340232221131960114,1771239443,68779.172473
55340232221131960192,1771242091,68586.485
55340232221131960270,1771244655,68864.08579793
55340232221131960348,1771247199,69997.99881033
55340232221131960426,1771249467,68385.51912876
55340232221131960504,1771251957,68531.975
55340232221131960582,1771254457,68519.48833473
55340232221131960660,1771257099,67527.6
55340232221131960738,1771259723,67626.33665166
55340232221131960816,1771262353,67629.613468
55340232221131960894,1771265029,67969.6
55340232221131960972,1771267629,67995.458
55340232221131961050,1771270275,67951.58518396
55340232221131961128,1771272945,67940.614
55340232221131961206,1771275543,68446.152451
55340232221131961284,1771278131,68512.307411
55340232221131961362,1771280763,68614.03
55340232221131961440,1771283373,68674.83756832
55340232221131961518,1771286015,68892.564
55340232221131961596,1771288637,68867.82013327
55340232221131961674,1771291269,68872.71372744
55340232221131961752,1771293857,68375.32074657
55340232221131961830,1771296411,68918.103476
55340232221131961908,1771299021,68603.93
55340232221131961986,1771301665,68554.022
55340232221131962064,1771304285,68394.66213514
55340232221131962142,1771306831,68027.54631563
55340232221131962220,1771309429,68318.506899
55340232221131962298,1771312139,68302.64
55340232221131962376,1771314815,68440.42103242
55340232221131962454,1771317421,68121.34796933
55340232221131962532,1771320037,68005.7114829
55340232221131962610,1771322635,68093.684315
55340232221131962688,1771325211,67773.352564
55340232221131962766,1771327887,67870.87530871
55340232221131962844,1771330509,68033.60370659
55340232221131962922,1771333119,67849.095
55340232221131963000,1771335655,67968.0
55340232221131963078,1771338233,68015.378917
55340232221131963156,1771340695,67022.71
55340232221131963234,1771343141,66999.68
55340232221131963312,1771345563,67740.89
55340232221131963390,1771348031,67573.785
55340232221131963468,1771350563,67071.36894692
55340232221131963546,1771353119,67753.25035496
55340232221131963624,1771355739,68172.39670911
55340232221131963702,1771358263,67844.81175304
55340232221131963780,1771360853,67769.481806
55340232221131963858,1771363515,67574.36
55340232221131963936,1771366149,67565.19220614
55340232221131964014,1771368813,67522.42
55340232221131964092,1771371489,67487.22556719
55340232221131964170,1771374165,67564.92
55340232221131964248,1771376773,67183.13543215
55340232221131964326,1771379385,67081.67751421
55340232221131964404,1771382061,67305.62368303
55340232221131964482,1771384650,67429.44096013
55340232221131964560,1771387260,67589.229285
55340232221131964638,1771389902,67652.654437
55340232221131964716,1771392546,67784.2
55340232221131964794,1771395144,67717.092
55340232221131964872,1771397868,67799.41568602
55340232221131964950,1771400556,67923.495255
55340232221131965028,1771403088,68317.12
55340232221131965106,1771405698,68005.84
55340232221131965184,1771408298,68178.97261685
55340232221131965262,1771410932,67877.76819395
55340232221131965340,1771413454,67340.27
55340232221131965418,1771416076,67390.65556
55340232221131965496,1771418758,67514.605
55340232221131965574,1771421360,67454.955264
55340232221131965652,1771424074,67263.38
55340232221131965730,1771426604,67232.37023765
55340232221131965808,1771429064,67876.47849988
55340232221131965886,1771431522,67101.29
55340232221131965964,1771434140,67117.862209
55340232221131966042,1771436812,67130.52256771
55340232221131966120,1771439416,66845.93
55340232221131966198,1771442090,66350.59482155
55340232221131966276,1771444660,66038.64
55340232221131966354,1771447316,66374.18737223
55340232221131966432,1771450066,66313.44589163
55340232221131966510,1771452732,66278.02560336
55340232221131966588,1771455422,66408.99948021
55340232221131966666,1771458104,66386.359427
55340232221131966744,1771460796,66330.71
55340232221131966822,1771463508,66534.84
55340232221131966900,1771466198,66839.79297115
55340232221131966978,1771468822,66674.33
55340232221131967056,1771471470,66899.31687768
55340232221131967134,1771474196,66924.26
55340232221131967212,1771476896,66780.24239137
55340232221131967290,1771479572,66748.47
55340232221131967368,1771482318,67168.67
55340232221131967446,1771484984,67040.34793702
55340232221131967524,1771487748,67160.93
55340232221131967602,1771490520,66922.48
55340232221131967680,1771493236,67064.71921439
55340232221131967758,1771495852,66870.4
55340232221131967836,1771498622,66758.00424712
55340232221131967914,1771501318,66698.93370997
55340232221131967992,1771504040,66600.476039
55340232221131968070,1771506676,66352.36
55340232221131968148,1771509368,65890.992337
55340232221131968226,1771512116,66120.97928756
55340232221131968304,1771514618,65981.22883076
55340232221131968382,1771517226,65967.20984519
55340232221131968460,1771519750,66285.0
55340232221131968538,1771522310,66549.270909
55340232221131968616,1771524906,66613.538071
55340232221131968694,1771527488,66911.39657119
55340232221131968772,1771530144,66713.912
55340232221131968850,1771532784,66890.337143
55340232221131968928,1771535464,67067.78759004
55340232221131969006,1771538168,66890.75
55340232221131969084,1771540934,66729.05828327
55340232221131969162,1771543586,66960.960768
55340232221131969240,1771546312,66994.05082614
55340232221131969318,1771548956,67195.071609
55340232221131969396,1771551624,67288.16868615
55340232221131969474,1771554284,67187.177907
55340232221131969552,1771556932,67255.01260321
55340232221131969630,1771559578,67329.80718106
55340232221131969708,1771562280,67243.00924713
55340232221131969786,1771564972,67247.54848559
55340232221131969864,1771567592,67782.036319
55340232221131969942,1771570196,67824.9495044
55340232221131970020,1771572854,67903.390895
55340232221131970098,1771575576,67907.43282784
55340232221131970176,1771578230,68165.82524098
55340232221131970254,1771580878,68138.85294645
55340232221131970332,1771583612,68217.34280419
55340232221131970410,1771586300,67824.14
55340232221131970488,1771588976,67358.679054
55340232221131970566,1771591604,67456.474
55340232221131970644,1771594248,67156.47197782
55340232221131970722,1771596826,66876.601355
55340232221131970800,1771599348,67038.320308
55340232221131970878,1771601458,67363.396
55340232221131970956,1771603826,67724.94744222
55340232221131971034,1771606324,67591.60264
55340232221131971112,1771608922,67018.15819473
55340232221131971190,1771611352,67517.40649018
55340232221131971268,1771613924,67939.21413566
55340232221131971346,1771616550,67628.811791
55340232221131971424,1771619234,67593.36
55340232221131971502,1771622000,67683.29905384
55340232221131971580,1771624694,67797.1072766
55340232221131971658,1771627354,67983.16217
55340232221131971736,1771629978,67983.367
55340232221131971814,1771632616,67962.74367094
55340232221131971892,1771635344,67816.64951995
55340232221131971970,1771637956,67901.62951114
55340232221131972048,1771640624,68014.965688
55340232221131972126,1771643210,67755.115413
55340232221131972204,1771645920,67606.070964
55340232221131972282,1771648664,67729.74617246
55340232221131972360,1771651394,67835.481645
55340232221131972438,1771654034,67866.58703175
55340232221131972516,1771656680,67767.0961108
55340232221131972594,1771659362,67845.85594924
55340232221131972672,1771661990,67918.815245
55340232221131972750,1771664674,68039.57848181
55340232221131972828,1771667410,68184.52602751
55340232221131972906,1771670102,68166.663033
