timestamp_utc,oracle_round_id,oracle_price_usd,spot_price_usd,oracle_lag_pct,momentum_30s,momentum_60s,slope,sigma_short,sigma_long,sigma_ratio,obi,cvd_60s,tau,tau_sq,funding_rate
2026-02-21T11:55:02,,,,,,,,,,,,0.0000000000,,,
2026-02-21T11:55:03,55340232221131973042,68092.6103440000,,,,,,,,,,0.0000000000,,,
2026-02-21T11:55:04,55340232221131973042,68092.6103440000,,,,,,,,,0.4593816031,0.0047700000,,,
2026-02-21T11:55:05,55340232221131973042,68092.6103440000,68108.0100000000,0.0226157522,,,,,,,0.4650418996,0.0047700000,,,
2026-02-21T11:55:06,55340232221131973042,68092.6103440000,68108.0100000000,0.0226157522,,,,0.0000000000,0.0000000000,,0.4640778185,0.0056600000,,,
2026-02-21T11:55:07,55340232221131973042,68092.6103440000,68108.0100000000,0.0226157522,,,,0.0000000000,0.0000000000,,0.5149898453,0.0734500000,,,
2026-02-21T11:55:08,55340232221131973042,68092.6103440000,68108.0000000000,0.0226010663,,,,0.0000000360,0.0000000254,1.4142135624,0.5477727378,0.1219200000,,,
2026-02-21T11:55:09,55340232221131973042,68092.6103440000,68108.0100000000,0.0226157522,,,,0.0000000501,0.0000000357,1.4034041283,0.5528155934,0.1235000000,,,
2026-02-21T11:55:10,55340232221131973042,68092.6103440000,68108.0100000000,0.0226157522,,,,0.0000000486,0.0000000352,1.3815315565,0.9127659226,0.1238400000,,,
2026-02-24T18:16:51,55340232221131981407,63982.9609770000,64023.2900000000,0.0630308794,,,,,,,-0.0454748313,0.0212700000,0.6300000000,0.3969000000,-0.0000095400,0.0100000000,0.9900000000,0.5000000000,0.9800000000,-0.0454748313
2026-02-24T18:16:52,55340232221131981407,63982.9609770000,64023.2900000000,0.0630308794,,,,0.0000000000,0.0000000000,,-0.0454748313,0.0210700000,0.6300000000,0.3969000000,-0.0000095400,0.0100000000,0.9900000000,0.5000000000,0.9800000000,-0.0454748313
2026-02-24T18:16:53,55340232221131981407,63982.9609770000,64023.2900000000,0.0630308794,,,,0.0000000000,0.0000000000,,-0.0454748313,2.8168500000,0.6233333333,0.3885444444,-0.0000095400,0.0100000000,0.9900000000,0.5000000000,0.9800000000,-0.0454748313
2026-02-24T18:16:54,55340232221131981408,64008.5084240000,64040.0000000000,0.0491990468,,,,0.0000639230,0.0000452004,1.4142135624,-0.0454748313,3.5709900000,0.6233333333,0.3885444444,-0.0000095400,0.0100000000,0.9900000000,0.5000000000,0.9800000000,-0.0454748313
2026-02-24T18:16:55,55340232221131981408,64008.5084240000,64040.0000000000,0.0491990468,,,,0.0000619757,0.0000445172,1.3921725216,-0.0454748313,3.5704800000,0.6166666667,0.3802777778,-0.0000095400,0.0100000000,0.9900000000,0.5000000000,0.9800000000,-0.0454748313
2026-02-24T18:16:56,55340232221131981408,64008.5084240000,64040.0000000000,0.0491990468,,,,0.0000600877,0.0000438444,1.3704749986,-0.0454748313,3.5534900000,0.6166666667,0.3802777778,-0.0000095400,0.0100000000,0.9900000000,0.5000000000,0.9800000000,-0.0454748313
2026-02-24T18:16:57,55340232221131981408,64008.5084240000,64040.0100000000,0.0492146697,,,,0.0000582572,0.0000431817,1.3491156656,-0.0454748313,3.5779800000,0.6100000000,0.3721000000,-0.0000095400,0.0100000000,0.9900000000,0.5000000000,0.9800000000,-0.0454748313
2026-02-24T18:16:58,55340232221131981408,64008.5084240000,64040.0000000000,0.0491990468,,,,0.0000564824,0.0000425291,1.3280892356,-0.0454748313,3.5781400000,0.6100000000,0.3721000000,-0.0000095400,0.0100000000,0.9900000000,0.5000000000,0.9800000000,-0.0454748313
2026-02-24T18:16:59,55340232221131981408,64008.5084240000,64040.0000000000,0.0491990468,,,,0.0000547617,0.0000418863,1.3073904743,-0.0454748313,3.5777400000,0.6033333333,0.3640111111,-0.0000095400,0.0100000000,0.9900000000,0.5000000000,0.9800000000,-0.0454748313
2026-02-24T18:17:00,55340232221131981408,64008.5084240000,64040.0100000000,0.0492146697,,,,0.0000530935,0.0000412532,1.2870143682,-0.0454748313,2.2090000000,0.6033333333,0.3640111111,-0.0000095400,0.0100000000,0.9900000000,0.5000000000,0.9800000000,-0.0454748313
2026-02-24T18:17:01,55340232221131981408,64008.5084240000,64032.9300000000,0.0381536402,,,,0.0000581655,0.0000449165,1.2949686265,-0.0454748313,2.1953000000,0.5966666667,0.3560111111,-0.0000095400,0.0100000000,0.9900000000,0.5000000000,0.9800000000,-0.0454748313
2026-02-24T18:17:02,55340232221131981408,64008.5084240000,64032.9200000000,0.0381380173,,,,0.0000563935,0.0000442376,1.2747861170,-0.0454748313,0.4340200000,0.5966666667,0.3560111111,-0.0000095400,0.0100000000,0.9900000000,0.5000000000,0.9800000000,-0.0454748313
2026-02-24T18:17:03,55340232221131981408,64008.5084240000,64028.3500000000,0.0309983415,,,,0.0000574026,0.0000452888,1.2674771325,-0.0454748313,0.4121300000,0.5900000000,0.3481000000,-0.0000095400,0.0100000000,0.9900000000,0.5000000000,0.9800000000,-0.0454748313
2026-02-24T18:17:04,55340232221131981408,64008.5084240000,64025.9800000000,0.0272957087,,,,0.0000563876,0.0000450627,1.2513128225,-0.0454748313,0.4128100000,0.5900000000,0.3481000000,-0.0000095400,0.0100000000,0.9900000000,0.5000000000,0.9800000000,-0.0454748313
2026-02-24T18:17:05,55340232221131981408,64008.5084240000,64025.9800000000,0.0272957087,,,,0.0000546698,0.0000443817,1.2318106499,-0.0454748313,0.4564000000,0.5833333333,0.3402777778,-0.0000095400,0.0100000000,0.9900000000,0.5000000000,0.9800000000,-0.0454748313
2026-02-24T18:17:06,55340232221131981408,64008.5084240000,64025.9800000000,0.0272957087,,,,0.0000530043,0.0000437109,1.2126124259,-0.0454748313,0.4564000000,0.5833333333,0.3402777778,-0.0000095400,0.0100000000,0.9900000000,0.5000000000,0.9800000000,-0.0454748313
2026-02-24T18:17:07,55340232221131981408,64008.5084240000,64025.9800000000,0.0272957087,,,,0.0000513896,0.0000430502,1.1937134133,-0.0454642248,0.4556700000,0.5766666667,0.3325444444,-0.0000095400,0.0100000000,0.9900000000,0.5000000000,0.9800000000,-0.0454642248
2026-02-24T18:17:08,55340232221131981408,64008.5084240000,64025.9700000000,0.0272800858,,,,0.0000498241,0.0000423995,1.1751090560,-0.0454748313,0.4550600000,0.5766666667,0.3325444444,-0.0000095400,0.0100000000,0.9900000000,0.5000000000,0.9800000000,-0.0454748313
2026-02-24T18:17:09,55340232221131981408,64008.5084240000,64025.9800000000,0.0272957087,,,,0.0000483063,0.0000417587,1.1567946674,-0.0454748313,0.4739800000,0.5700000000,0.3249000000,-0.0000095400,0.0100000000,0.9900000000,0.5000000000,0.9800000000,-0.0454748313
2026-02-24T18:17:10,55340232221131981408,64008.5084240000,64025.9800000000,0.0272957087,,,,0.0000468347,0.0000411276,1.1387655952,-0.0454748313,0.4747800000,0.5700000000,0.3249000000,-0.0000095400,0.0100000000,0.9900000000,0.5000000000,0.9800000000,-0.0454748313
2026-02-24T18:17:11,55340232221131981408,64008.5084240000,64025.9700000000,0.0272800858,,,,0.0000454079,0.0000405060,1.1210176606,-0.0454748313,0.4747800000,0.5633333333,0.3173444444,-0.0000095400,0.0100000000,0.9900000000,0.5000000000,0.9800000000,-0.0454748313
2026-02-24T18:17:12,55340232221131981408,64008.5084240000,64025.9800000000,0.0272957087,,,,0.0000440246,0.0000398938,1.1035463492,-0.0454748313,0.4679800000,0.5633333333,0.3173444444,-0.0000095400,0.0100000000,0.9900000000,0.5000000000,0.9800000000,-0.0454748313
2026-02-24T18:17:13,55340232221131981408,64008.5084240000,64025.9700000000,0.0272800858,,,,0.0000426835,0.0000392908,1.0863473506,-0.0454748313,0.4672200000,0.5566666667,0.3098777778,-0.0000095400,0.0100000000,0.9900000000,0.5000000000,0.9800000000,-0.0454748313
2026-02-24T18:17:14,55340232221131981408,64008.5084240000,64025.9700000000,0.0272800858,,,,0.0000413831,0.0000386970,1.0694162258,-0.0454748313,0.4923900000,0.5566666667,0.3098777778,-0.0000095400,0.0100000000,0.9900000000,0.5000000000,0.9800000000,-0.0454748313
2026-02-24T18:17:15,55340232221131981408,64008.5084240000,64033.5100000000,0.0390597697,,,,0.0000494148,0.0000432266,1.1431582627,-0.0454748313,0.8564200000,0.5500000000,0.3025000000,-0.0000095400,0.0100000000,0.9900000000,0.5000000000,0.9800000000,-0.0454748313
2026-02-24T18:17:16,55340232221131981408,64008.5084240000,64031.3400000000,0.0356695954,,,,0.0000486233,0.0000429760,1.1314058566,-0.0454748313,0.7667600000,0.5500000000,0.3025000000,-0.0000095400,0.0100000000,0.9900000000,0.5000000000,0.9800000000,-0.0454748313
2026-02-24T18:17:17,55340232221131981408,64008.5084240000,64031.3500000000,0.0356852184,,,,0.0000471420,0.0000423264,1.1137726177,-0.0454748313,0.7752500000,0.5433333333,0.2952111111,-0.0000095400,0.0100000000,0.9900000000,0.5000000000,0.9800000000,-0.0454748313
2026-02-24T18:17:18,55340232221131981408,64008.5084240000,64031.3500000000,0.0356852184,,,,0.0000457059,0.0000416867,1.0964140600,-0.0454748313,0.7709400000,0.5433333333,0.2952111111,-0.0000095400,0.0100000000,0.9900000000,0.5000000000,0.9800000000,-0.0454748313
2026-02-24T18:17:19,55340232221131981408,64008.5084240000,64031.3400000000,0.0356695954,,,,0.0000443135,0.0000410567,1.0793262098,-0.0454748313,0.7394000000,0.5366666667,0.2880111111,-0.0000095400,0.0100000000,0.9900000000,0.5000000000,0.9800000000,-0.0454748313
2026-02-24T18:17:20,55340232221131981408,64008.5084240000,64029.8300000000,0.0333105341,,,,0.0000433502,0.0000406419,1.0666369644,-0.0454748313,2.4277300000,0.5366666667,0.2880111111,-0.0000095400,0.0100000000,0.9900000000,0.5000000000,0.9800000000,-0.0454748313
2026-02-24T18:17:21,55340232221131981408,64008.5084240000,64033.9000000000,0.0396690637,0.0001657072,,,0.0000448206,0.0000415140,1.0796502982,-0.0454748313,2.4269900000,0.5300000000,0.2809000000,-0.0000095400,0.0100000000,0.9900000000,0.5000000000,0.9800000000,-0.0454748313
2026-02-24T18:17:22,55340232221131981408,64008.5084240000,64033.8900000000,0.0396534408,0.0001655510,,,0.0000434552,0.0000408866,1.0628237287,-0.0454748313,2.8034300000,0.5300000000,0.2809000000,-0.0000095400,0.0100000000,0.9900000000,0.5000000000,0.9800000000,-0.0454748313
2026-02-24T18:17:23,55340232221131981408,64008.5084240000,64033.9000000000,0.0396690637,0.0001657072,,,0.0000421314,0.0000402686,1.0462594235,-0.0454748313,3.9323300000,0.5233333333,0.2738777778,-0.0000095400,0.0100000000,0.9900000000,0.5000000000,0.9800000000,-0.0454748313
2026-02-24T18:17:24,55340232221131981408,64008.5084240000,64047.4100000000,0.0607756327,0.0001157022,,,0.0000658695,0.0000539262,1.2214752371,-0.0454748313,2.2196100000,0.5233333333,0.2738777778,-0.0000095400,0.0100000000,0.9900000000,0.5000000000,0.9800000000,-0.0454748313
2026-02-24T18:17:25,55340232221131981409,64039.0521843300,64034.7600000000,-0.0067024482,-0.0000818272,,,0.0000801220,0.0000631770,1.2682155139,-0.0454748313,2.2399600000,0.5166666667,0.2669444444,-0.0000095400,0.0100000000,0.9900000000,0.5000000000,0.9800000000,-0.0454748313
2026-02-24T18:17:26,55340232221131981409,64039.0521843300,64034.7600000000,-0.0067024482,-0.0000818272,,,0.0000776812,0.0000622221,1.2484499066,-0.0454748313,2.2399600000,0.5166666667,0.2669444444,-0.0000095400,0.0100000000,0.9900000000,0.5000000000,0.9800000000,-0.0454748313
2026-02-24T18:17:27,55340232221131981409,64039.0521843300,64034.7600000000,-0.0067024482,-0.0000819834,,,0.0000753147,0.0000612817,1.2289923537,-0.0454642248,2.2622900000,0.5100000000,0.2601000000,-0.0000095400,0.0100000000,0.9900000000,0.5000000000,0.9800000000,-0.0454642248
2026-02-24T18:17:28,55340232221131981409,64039.0521843300,64034.7700000000,-0.0066868328,-0.0000816710,,,0.0000730203,0.0000603555,1.2098380984,-0.0454748313,2.2620800000,0.5100000000,0.2601000000,-0.0000095400,0.0100000000,0.9900000000,0.5000000000,0.9800000000,-0.0454748313
2026-02-24T18:17:29,55340232221131981409,64039.0521843300,64034.7600000000,-0.0067024482,-0.0000818272,,,0.0000707958,0.0000594432,1.1909823752,-0.0454748313,2.2620800000,0.5033333333,0.2533444444,-0.0000095400,0.0100000000,0.9900000000,0.5000000000,0.9800000000,-0.0454748313
2026-02-24T18:17:30,55340232221131981409,64039.0521843300,64034.7600000000,-0.0067024482,-0.0000819834,,,0.0000686391,0.0000585448,1.1724204750,-0.0454748313,2.2928500000,0.5033333333,0.2533444444,-0.0000095400,0.0100000000,0.9900000000,0.5000000000,0.9800000000,-0.0454748313
2026-02-24T18:17:31,55340232221131981409,64039.0521843300,64034.7700000000,-0.0066868328,0.0000287348,,,0.0000665481,0.0000576599,1.1541479325,-0.0454748313,2.3026100000,0.4966666667,0.2466777778,-0.0000095400,0.0100000000,0.9900000000,0.5000000000,0.9800000000,-0.0454748313
2026-02-24T18:17:32,55340232221131981409,64039.0521843300,64035.4100000000,-0.0056874426,0.0000388855,,,0.0000645672,0.0000568148,1.1364497974,-0.0454748313,2.6492100000,0.4966666667,0.2466777778,-0.0000095400,0.0100000000,0.9900000000,0.5000000000,0.9800000000,-0.0454748313
2026-02-24T18:17:33,55340232221131981409,64039.0521843300,64039.0700000000,0.0000278200,0.0001674118,,,0.0000641466,0.0000568251,1.1288436327,-0.0454748313,2.6491100000,0.4900000000,0.2401000000,-0.0000095400,0.0100000000,0.9900000000,0.5000000000,0.9800000000,-0.0454748313
2026-02-24T18:17:34,55340232221131981409,64039.0521843300,64039.2500000000,0.0003088985,0.0002072381,,,0.0000621962,0.0000559683,1.1112762357,-0.0454748313,2.6337200000,0.4900000000,0.2401000000,-0.0000095400,0.0100000000,0.9900000000,0.5000000000,0.9800000000,-0.0454748313
2026-02-24T18:17:35,55340232221131981409,64039.0521843300,64036.2600000000,-0.0043601275,0.0001605469,,5.2808847875,0.0000613765,0.0000557125,1.1016653464,-0.0454748313,2.6602700000,0.4833333333,0.2336111111,-0.0000095400,0.0100000000,0.9900000000,0.5000000000,0.9800000000,-0.0454748313
2026-02-24T18:17:36,55340232221131981409,64039.0521843300,64036.1900000000,-0.0044694358,0.0001594538,,5.2808847875,0.0000595073,0.0000548707,1.0845000076,-0.0454748313,2.6631000000,0.4833333333,0.2336111111,-0.0000095400,0.0100000000,0.9900000000,0.5000000000,0.9800000000,-0.0454748313
2026-02-24T18:17:37,55340232221131981409,64039.0521843300,64039.2600000000,0.0003245140,0.0002073943,,5.2808847875,0.0000588774,0.0000546756,1.0768497789,-0.0454748313,3.0193900000,0.4766666667,0.2272111111,-0.0000095400,0.0100000000,0.9900000000,0.5000000000,0.9800000000,-0.0454748313
2026-02-24T18:17:38,55340232221131981409,64039.0521843300,64044.2800000000,0.0081634807,0.0002859368,,5.2808847875,0.0000602264,0.0000555344,1.0844881836,-0.0454748313,3.0201500000,0.4766666667,0.2272111111,-0.0000095400,0.0100000000,0.9900000000,0.5000000000,0.9800000000,-0.0454748313
2026-02-24T18:17:39,55340232221131981409,64039.0521843300,64044.2700000000,0.0081478652,0.0002856245,,5.2808847875,0.0000583917,0.0000546951,1.0675861331,-0.0454748313,3.0224800000,0.4700000000,0.2209000000,-0.0000095400,0.0100000000,0.9900000000,0.5000000000,0.9800000000,-0.0454748313
2026-02-24T18:17:40,55340232221131981409,64039.0521843300,64044.2800000000,0.0081634807,0.0002857806,,5.2808847875,0.0000566129,0.0000538684,1.0509475163,-0.0454748313,3.0217400000,0.4700000000,0.2209000000,-0.0000095400,0.0100000000,0.9900000000,0.5000000000,0.9800000000,-0.0454748313
2026-02-24T18:17:41,55340232221131981409,64039.0521843300,64044.2800000000,0.0081634807,0.0002859368,,4.4427287753,0.0000548882,0.0000530542,1.0345681110,-0.0454748313,3.0200900000,0.4633333333,0.2146777778,-0.0000095400,0.0100000000,0.9900000000,0.5000000000,0.9800000000,-0.0454748313
2026-02-24T18:17:42,55340232221131981409,64039.0521843300,64044.2800000000,0.0081634807,0.0002857806,,4.4427287753,0.0000532161,0.0000522524,1.0184439848,-0.0454748313,3.0564700000,0.4633333333,0.2146777778,-0.0000095400,0.0100000000,0.9900000000,0.5000000000,0.9800000000,-0.0454748313
2026-02-24T18:17:43,55340232221131981409,64039.0521843300,64044.2800000000,0.0081634807,0.0002859368,,4.4427287753,0.0000515949,0.0000514626,1.0025711591,-0.0454748313,3.0553500000,0.4566666667,0.2085444444,-0.0000095400,0.0100000000,0.9900000000,0.5000000000,0.9800000000,-0.0454748313
2026-02-24T18:17:44,55340232221131981409,64039.0521843300,64044.2800000000,0.0081634807,0.0002859368,,4.4427287753,0.0000500231,0.0000506848,0.9869457173,-0.0454748313,3.0550000000,0.4566666667,0.2085444444,-0.0000095400,0.0100000000,0.9900000000,0.5000000000,0.9800000000,-0.0454748313
2026-02-24T18:17:45,55340232221131981409,64039.0521843300,64044.2800000000,0.0081634807,0.0001681790,,4.4427287753,0.0000484992,0.0000499187,0.9715638037,-0.0454748313,3.0764200000,0.4500000000,0.2025000000,-0.0000095400,0.0100000000,0.9900000000,0.5000000000,0.9800000000,-0.0454748313
2026-02-24T18:17:46,55340232221131981409,64039.0521843300,64044.2800000000,0.0081634807,0.0002020681,,4.6278424742,0.0000470218,0.0000491642,0.9564216229,-0.0454748313,3.0764200000,0.4500000000,0.2025000000,-0.0000095400,0.0100000000,0.9900000000,0.5000000000,0.9800000000,-0.0454748313
2026-02-24T18:17:47,55340232221131981409,64039.0521843300,64044.2800000000,0.0081634807,0.0002019119,,4.6278424742,0.0000455893,0.0000484212,0.9415154386,-0.0454748313,2.9955500000,0.4433333333,0.1965444444,-0.0000095400,0.0100000000,0.9900000000,0.5000000000,0.9800000000,-0.0454748313
2026-02-24T18:17:48,55340232221131981409,64039.0521843300,64044.2800000000,0.0081634807,0.0002019119,,4.6278424742,0.0000442004,0.0000476893,0.9268415727,-0.0454748313,3.0680900000,0.4433333333,0.1965444444,-0.0000095400,0.0100000000,0.9900000000,0.5000000000,0.9800000000,-0.0454748313
2026-02-24T18:17:49,55340232221131981409,64039.0521843300,64059.9900000000,0.0326953866,0.0004473371,,4.6278424742,0.0000737961,0.0000633305,1.1652547937,-0.0454748313,3.0935500000,0.4366666667,0.1906777778,-0.0000095400,0.0100000000,0.9900000000,0.5000000000,0.9800000000,-0.0454748313
2026-02-24T18:17:50,55340232221131981409,64039.0521843300,64059.9900000000,0.0326953866,0.0004709196,,4.6278424742,0.0000715480,0.0000623733,1.1470938673,-0.0454748313,3.1324400000,0.4366666667,0.1906777778,-0.0000095400,0.0100000000,0.9900000000,0.5000000000,0.9800000000,-0.0454748313
2026-02-24T18:17:51,55340232221131981409,64039.0521843300,64059.9900000000,0.0326953866,0.0004073575,0.0005730647,4.4427287753,0.0000693684,0.0000614306,1.1292159857,-0.0454748313,3.1137500000,0.4300000000,0.1849000000,-0.0000095400,0.0100000000,0.9900000000,0.5000000000,0.9800000000,-0.0454748313
2026-02-24T18:17:52,55340232221131981409,64039.0521843300,64060.0000000000,0.0327110020,0.0004076697,0.0005732208,4.4427287753,0.0000672551,0.0000605021,1.1116168061,-0.0454748313,3.2402000000,0.4300000000,0.1849000000,-0.0000095400,0.0100000000,0.9900000000,0.5000000000,0.9800000000,-0.0454748313
2026-02-24T18:17:53,55340232221131981409,64039.0521843300,64063.1600000000,0.0376454911,0.0004568411,0.0006225483,4.4427287753,0.0000663163,0.0000601970,1.1016536978,-0.0451406886,0.4303300000,0.4233333333,0.1792111111,-0.0000095400,0.0100000000,0.9900000000,0.5000000000,0.9800000000,-0.0451406886
2026-02-24T18:17:54,55340232221131981409,64039.0521843300,64063.1700000000,0.0376611065,0.0002460374,0.0003617397,4.4427287753,0.0000642960,0.0000592872,1.0844840970,-0.0451406886,-0.3683100000,0.4233333333,0.1792111111,-0.0000095400,0.0100000000,0.9900000000,0.5000000000,0.9800000000,-0.0451406886
2026-02-24T18:17:55,55340232221131981409,64039.0521843300,64063.1600000000,0.0376454911,0.0004434108,0.0003615836,4.4427287753,0.0000623373,0.0000583911,1.0675820981,-0.0455066805,-0.4588900000,0.4166666667,0.1736111111,-0.0000095400,0.0100000000,0.9900000000,0.5000000000,0.9800000000,-0.0455066805
2026-02-24T18:17:56,55340232221131981409,64039.0521843300,64057.7300000000,0.0291662900,0.0003586471,0.0002768199,3.8873876784,0.0000639052,0.0000593531,1.0766966118,-0.0455066805,-0.4842500000,0.4166666667,0.1736111111,-0.0000095400,0.0100000000,0.9900000000,0.5000000000,0.9800000000,-0.0455066805
2026-02-24T18:17:57,55340232221131981409,64039.0521843300,64057.7400000000,0.0291819055,0.0003588032,0.0002768199,3.8873876784,0.0000619584,0.0000584560,1.0599159858,-0.0455066805,-0.4836500000,0.4100000000,0.1681000000,-0.0000095400,0.0100000000,0.9900000000,0.5000000000,0.9800000000,-0.0455066805
2026-02-24T18:17:58,55340232221131981409,64039.0521843300,64057.7400000000,0.0291819055,0.0003586470,0.0002769760,3.8873876784,0.0000600709,0.0000575725,1.0433968037,-0.0455066805,-0.4838100000,0.4100000000,0.1681000000,-0.0000095400,0.0100000000,0.9900000000,0.5000000000,0.9800000000,-0.0455066805
2026-02-24T18:17:59,55340232221131981409,64039.0521843300,64057.7400000000,0.0291819055,0.0003588032,0.0002769760,3.8873876784,0.0000582409,0.0000567023,1.0271350791,-0.0455066805,-0.5329700000,0.4033333333,0.1626777778,-0.0000095400,0.0100000000,0.9900000000,0.5000000000,0.9800000000,-0.0455066805
2026-02-24T18:18:00,55340232221131981409,64039.0521843300,64057.7300000000,0.0291662900,0.0003586471,0.0002766637,3.8873876784,0.0000564667,0.0000558453,1.0111269128,-0.0455066805,0.9037800000,0.4033333333,0.1626777778,-0.0000095400,0.0100000000,0.9900000000,0.5000000000,0.9800000000,-0.0455066805
2026-02-24T18:18:01,55340232221131981410,64063.1506963000,64069.5000000000,0.0099110075,0.0005422146,0.0005709494,4.2762834728,0.0000708692,0.0000635434,1.1152871098,-0.0455066805,0.9750600000,0.3966666667,0.1573444444,-0.0000095400,0.0100000000,0.9900000000,0.5000000000,0.9800000000,-0.0455066805
2026-02-24T18:18:02,55340232221131981410,64063.1506963000,64069.4900000000,0.0098953979,0.0005320640,0.0005709495,4.2762834728,0.0000687102,0.0000625830,1.0979050158,-0.0455066805,2.7989900000,0.3966666667,0.1573444444,-0.0000095400,0.0100000000,0.9900000000,0.5000000000,0.9800000000,-0.0455066805
2026-02-24T18:18:03,55340232221131981410,64063.1506963000,64071.9700000000,0.0137665781,0.0005136169,0.0006810288,4.2762834728,0.0000672884,0.0000620007,1.0852843293,-0.0455066805,2.7894800000,0.3900000000,0.1521000000,-0.0000095400,0.0100000000,0.9900000000,0.5000000000,0.9800000000,-0.0455066805
2026-02-24T18:18:04,55340232221131981410,64063.1506963000,64073.9700000000,0.0168884977,0.0005420206,0.0007492587,4.2762834728,0.0000656850,0.0000613025,1.0714906297,-0.0455066805,2.8426200000,0.3900000000,0.1521000000,-0.0000095400,0.0100000000,0.9900000000,0.5000000000,0.9800000000,-0.0455066805
2026-02-24T18:18:05,55340232221131981410,64063.1506963000,64076.6700000000,0.0211030890,0.0006308497,0.0007913966,4.2762834728,0.0000645150,0.0000608155,1.0608323179,-0.0455066805,0.0036600000,0.3833333333,0.1469444444,-0.0000095400,0.0100000000,0.9900000000,0.5000000000,0.9800000000,-0.0455066805
2026-02-24T18:18:06,55340232221131981410,64063.1506963000,64068.7200000000,0.0086934589,0.0005078650,0.0006673188,4.2762834728,0.0000695426,0.0000636351,1.0928342561,-0.0455066805,0.2047700000,0.3833333333,0.1469444444,-0.0000095400,0.0100000000,0.9900000000,0.5000000000,0.9800000000,-0.0455066805
2026-02-24T18:18:07,55340232221131981410,64063.1506963000,64068.7200000000,0.0086934589,0.0004599245,0.0006673188,4.0028486939,0.0000674241,0.0000626733,1.0758020306,-0.0455066805,0.4257400000,0.3766666667,0.1418777778,-0.0000095400,0.0100000000,0.9900000000,0.5000000000,0.9800000000,-0.0455066805
2026-02-24T18:18:08,55340232221131981410,64063.1506963000,64075.1400000000,0.0187148206,0.0004817381,0.0007676749,4.0028486939,0.0000698258,0.0000641195,1.0889958072,-0.0455066805,0.4799800000,0.3766666667,0.1418777778,-0.0000095400,0.0100000000,0.9900000000,0.5000000000,0.9800000000,-0.0455066805
2026-02-24T18:18:09,55340232221131981410,64063.1506963000,64075.1400000000,0.0187148206,0.0004818942,0.0007675187,4.0028486939,0.0000676986,0.0000631503,1.0720234053,-0.0455066805,0.5133200000,0.3700000000,0.1369000000,-0.0000095400,0.0100000000,0.9900000000,0.5000000000,0.9800000000,-0.0455066805
2026-02-24T18:18:10,55340232221131981410,64063.1506963000,64075.1400000000,0.0187148206,0.0004817381,0.0007675187,4.0028486939,0.0000656363,0.0000621959,1.0553155245,-0.0455066805,0.5134200000,0.3700000000,0.1369000000,-0.0000095400,0.0100000000,0.9900000000,0.5000000000,0.9800000000,-0.0455066805
2026-02-24T18:18:11,55340232221131981410,64063.1506963000,64075.1400000000,0.0187148206,0.0004817381,0.0007676749,4.0028486939,0.0000636367,0.0000612558,1.0388680422,-0.0455066805,0.5713600000,0.3633333333,0.1320111111,-0.0000095400,0.0100000000,0.9900000000,0.5000000000,0.9800000000,-0.0455066805
2026-02-24T18:18:12,55340232221131981410,64063.1506963000,64075.1300000000,0.0186992110,0.0004815820,0.0007673626,3.0670833416,0.0000616981,0.0000603300,1.0226769937,-0.0455066805,0.9257400000,0.3633333333,0.1320111111,-0.0000095400,0.0100000000,0.9900000000,0.5000000000,0.9800000000,-0.0455066805
2026-02-24T18:18:13,55340232221131981410,64063.1506963000,64082.2000000000,0.0297351964,0.0005919151,0.0008778520,3.0670833416,0.0000656404,0.0000624157,1.0516646960,-0.0455066805,0.9259000000,0.3566666667,0.1272111111,-0.0000095400,0.0100000000,0.9900000000,0.5000000000,0.9800000000,-0.0455066805
2026-02-24T18:18:14,55340232221131981410,64063.1506963000,64082.2000000000,0.0297351964,0.0005919151,0.0008778520,3.0670833416,0.0000636407,0.0000614723,1.0352741132,-0.0455066805,0.9001700000,0.3566666667,0.1272111111,-0.0000095400,0.0100000000,0.9900000000,0.5000000000,0.9800000000,-0.0455066805
2026-02-24T18:18:15,55340232221131981410,64063.1506963000,64082.2000000000,0.0297351964,0.0005919151,0.0007600942,3.0670833416,0.0000617020,0.0000605432,1.0191389837,-0.0455066805,0.7939000000,0.3500000000,0.1225000000,-0.0000095400,0.0100000000,0.9900000000,0.5000000000,0.9800000000,-0.0455066805
2026-02-24T18:18:16,55340232221131981410,64063.1506963000,64088.2100000000,0.0391165646,0.0006856965,0.0008877647,3.0670833416,0.0000640812,0.0000618010,1.0368956047,-0.0455066805,6.4437300000,0.3500000000,0.1225000000,-0.0000095400,0.0100000000,0.9900000000,0.5000000000,0.9800000000,-0.0455066805
2026-02-24T18:18:17,55340232221131981410,64063.1506963000,64129.5900000000,0.1037090792,0.0013311608,0.0015330727,3.5052381047,0.0001698748,0.0001272930,1.3345183301,-0.0455066805,6.4297800000,0.3433333333,0.1178777778,-0.0000095400,0.0100000000,0.9900000000,0.5000000000,0.9800000000,-0.0455066805
2026-02-24T18:18:18,55340232221131981410,64063.1506963000,64129.6000000000,0.1037246888,0.0013313167,0.0015332286,3.5052381047,0.0001646998,0.0001253691,1.3137193738,-0.0455066805,6.0988900000,0.3433333333,0.1178777778,-0.0000095400,0.0100000000,0.9900000000,0.5000000000,0.9800000000,-0.0455066805
2026-02-24T18:18:19,55340232221131981410,64063.1506963000,64122.0100000000,0.0918770043,0.0009676866,0.0014150237,3.5052381047,0.0001622930,0.0001251645,1.2966371703,-0.0455066805,6.2176600000,0.3366666667,0.1133444444,-0.0000095400,0.0100000000,0.9900000000,0.5000000000,0.9800000000,-0.0455066805
2026-02-24T18:18:20,55340232221131981410,64063.1506963000,64122.0000000000,0.0918613947,0.0009675307,0.0014384502,3.5052381047,0.0001573489,0.0001232728,1.2764286080,-0.0455066805,4.5289500000,0.3366666667,0.1133444444,-0.0000089300,0.0100000000,0.9900000000,0.5000000000,0.9800000000,-0.0455066805
2026-02-24T18:18:21,55340232221131981410,64063.1506963000,64122.0100000000,0.0918770043,0.0009676866,0.0013750441,3.5052381047,0.0001525554,0.0001214096,1.2565350049,-0.0455066805,4.7079100000,0.3300000000,0.1089000000,-0.0000089300,0.0100000000,0.9900000000,0.5000000000,0.9800000000,-0.0455066805
2026-02-24T18:18:23,55340232221131981410,64063.1506963000,64122.0000000000,0.0918613947,0.0009673746,0.0013750443,3.6512896924,0.0001479080,0.0001195746,1.2369514524,-0.0455066805,4.4976100000,0.3300000000,0.1089000000,-0.0000089300,0.0100000000,0.9900000000,0.5000000000,0.9800000000,-0.0455066805
2026-02-24T18:18:24,55340232221131981410,64063.1506963000,64129.5200000000,0.1035998120,0.0010353166,0.0014921577,3.6512896924,0.0001462508,0.0001195061,1.2237935116,-0.0455066805,3.7975400000,0.3233333333,0.1045444444,-0.0000089300,0.0100000000,0.9900000000,0.5000000000,0.9800000000,-0.0455066805
2026-02-24T18:18:25,55340232221131981410,64063.1506963000,64124.3400000000,0.0955140405,0.0009543832,0.0012004207,3.6512896924,0.0001431692,0.0001185285,1.2078887988,-0.0455066805,4.4873900000,0.3233333333,0.1045444444,-0.0000089300,0.0100000000,0.9900000000,0.5000000000,0.9800000000,-0.0455066805
2026-02-24T18:18:26,55340232221131981410,64063.1506963000,64124.3400000000,0.0955140405,0.0009545393,0.0013979501,3.6512896924,0.0001388077,0.0001167370,1.1890634057,-0.0455066805,4.1317000000,0.3166666667,0.1002777778,-0.0000089300,0.0100000000,0.9900000000,0.5000000000,0.9800000000,-0.0455066805
2026-02-24T18:18:27,55340232221131981410,64063.1506963000,64122.4900000000,0.0926262650,0.0010104524,0.0013690995,3.6512896924,0.0001347645,0.0001150812,1.1710385873,-0.0455066805,4.1321000000,0.3166666667,0.1002777778,-0.0000089300,0.0100000000,0.9900000000,0.5000000000,0.9800000000,-0.0455066805
2026-02-24T18:18:28,55340232221131981410,64063.1506963000,64122.4900000000,0.0926262650,0.0010102963,0.0013690995,3.5052381047,0.0001306590,0.0001133418,1.1527875184,-0.0455066805,4.1095100000,0.3100000000,0.0961000000,-0.0000089300,0.0100000000,0.9900000000,0.5000000000,0.9800000000,-0.0455066805
2026-02-24T18:18:29,55340232221131981410,64063.1506963000,64122.4900000000,0.0926262650,0.0010102963,0.0013689433,3.5052381047,0.0001266786,0.0001116287,1.1348208990,-0.0455066805,4.3533600000,0.3100000000,0.0961000000,-0.0000089300,0.0100000000,0.9900000000,0.5000000000,0.9800000000,-0.0455066805
2026-02-24T18:18:30,55340232221131981410,64063.1506963000,64136.0200000000,0.1137460504,0.0012212764,0.0015800797,3.5052381047,0.0001332493,0.0001158556,1.1501326060,-0.0455066805,4.3578900000,0.3033333333,0.0920111111,-0.0000089300,0.0100000000,0.9900000000,0.5000000000,0.9800000000,-0.0455066805
2026-02-24T18:18:31,55340232221131981410,64063.1506963000,64136.0200000000,0.1137460504,0.0012214326,0.0015800797,3.5052381047,0.0001291900,0.0001141046,1.1322073645,-0.0060596204,4.2771400000,0.3033333333,0.0920111111,-0.0000089300,0.0100000000,0.9900000000,0.5000000000,0.9800000000,-0.0060596204
2026-02-24T18:18:32,55340232221131981410,64063.1506963000,64129.7800000000,0.1040056616,0.0009404110,0.0014826255,3.5052381047,0.0001275017,0.0001136365,1.1220128765,-0.0060596204,3.1342900000,0.2966666667,0.0880111111,-0.0000089300,0.0100000000,0.9900000000,0.5000000000,0.9800000000,-0.0060596204
2026-02-24T18:18:33,55340232221131981411,64127.4816129500,64123.2500000000,-0.0065987512,0.0008387371,0.0013708011,6.5760424316,0.0001261088,0.0001133002,1.1130498115,-0.0060596204,2.7803100000,0.2966666667,0.0880111111,-0.0000089300,0.0100000000,0.9900000000,0.5000000000,0.9800000000,-0.0060596204
2026-02-24T18:18:34,55340232221131981411,64127.4816129500,64123.2500000000,-0.0065987512,0.0008000299,0.0013136468,6.5760424316,0.0001222670,0.0001115878,1.0957025190,0.0338684227,2.7744000000,0.2900000000,0.0841000000,-0.0000089300,0.0100000000,0.9900000000,0.5000000000,0.9800000000,0.0338684227
2026-02-24T18:18:35,55340232221131981411,64127.4816129500,64123.2500000000,-0.0065987512,0.0007688155,0.0013108360,6.5760424316,0.0001185423,0.0001099012,1.0786255905,0.0338684227,2.7790500000,0.2900000000,0.0841000000,-0.0000089300,0.0100000000,0.9900000000,0.5000000000,0.9800000000,0.0338684227
2026-02-24T18:18:36,55340232221131981411,64127.4816129500,64123.2600000000,-0.0065831572,0.0007268335,0.0013576832,6.5760424316,0.0001149310,0.0001082402,1.0618148379,0.0338684227,2.8258000000,0.2833333333,0.0802777778,-0.0000089300,0.0100000000,0.9900000000,0.5000000000,0.9800000000,0.0338684227
2026-02-24T18:18:37,55340232221131981411,64127.4816129500,64123.2500000000,-0.0065987512,0.0008507554,0.0013586204,6.5760424316,0.0001114298,0.0001066042,1.0452660893,0.0338684227,2.5182800000,0.2833333333,0.0802777778,-0.0000089300,0.0100000000,0.9900000000,0.5000000000,0.9800000000,0.0338684227
2026-02-24T18:18:38,55340232221131981411,64127.4816129500,64123.2600000000,-0.0065831572,0.0008509113,0.0013108358,8.5749748965,0.0001080352,0.0001049930,1.0289752614,0.0338684227,2.4541200000,0.2766666667,0.0765444444,-0.0000089300,0.0100000000,0.9900000000,0.5000000000,0.9800000000,0.0338684227
2026-02-24T18:18:39,55340232221131981411,64127.4816129500,64123.2500000000,-0.0065987512,0.0007505555,0.0012322935,8.5749748965,0.0001047440,0.0001034061,1.0129383347,0.0338684227,3.0331200000,0.2766666667,0.0765444444,-0.0000089300,0.0100000000,0.9900000000,0.5000000000,0.9800000000,0.0338684227
2026-02-24T18:18:40,55340232221131981411,64127.4816129500,64132.2300000000,0.0074046055,0.0008905885,0.0013724827,8.5749748965,0.0001071895,0.0001046915,1.0238601067,0.0338684227,3.0807900000,0.2700000000,0.0729000000,-0.0000089300,0.0100000000,0.9900000000,0.5000000000,0.9800000000,0.0338684227
2026-02-24T18:18:41,55340232221131981411,64127.4816129500,64132.2400000000,0.0074201995,0.0008907444,0.0013724825,8.5749748965,0.0001039240,0.0001031092,1.0079029022,0.0338684227,3.4061500000,0.2700000000,0.0729000000,-0.0000089300,0.0100000000,0.9900000000,0.5000000000,0.9800000000,0.0338684227
2026-02-24T18:18:42,55340232221131981411,64127.4816129500,64141.2200000000,0.0214235562,0.0010307578,0.0015124959,8.5749748965,0.0001064350,0.0001044063,1.0194314945,0.0338684227,3.4151100000,0.2633333333,0.0693444444,-0.0000089300,0.0100000000,0.9900000000,0.5000000000,0.9800000000,0.0338684227
2026-02-24T18:18:43,55340232221131981411,64127.4816129500,64143.9000000000,0.0256027317,0.0010726958,0.0015542778,8.5749748965,0.0001036989,0.0001030826,1.0059785124,0.0338684227,3.4279800000,0.2633333333,0.0693444444,-0.0000089300,0.0100000000,0.9900000000,0.5000000000,0.9800000000,0.0338684227
2026-02-24T18:18:44,55340232221131981411,64127.4816129500,64155.0200000000,0.0429431912,0.0011357078,0.0017276230,9.5020354993,0.0001091383,0.0001058711,1.0308595642,0.0339811842,3.4118000000,0.2566666667,0.0658777778,-0.0000089300,0.0100000000,0.9900000000,0.5000000000,0.9800000000,0.0339811842
2026-02-24T18:18:45,55340232221131981411,64127.4816129500,64155.0200000000,0.0429431912,0.0011357078,0.0017276230,9.5020354993,0.0001058135,0.0001042710,1.0147932371,0.0338684227,3.3869800000,0.2566666667,0.0658777778,-0.0000089300,0.0100000000,0.9900000000,0.5000000000,0.9800000000,0.0338684227
2026-02-24T18:18:46,55340232221131981411,64127.4816129500,64155.0100000000,0.0429275973,0.0011355520,0.0017274671,9.5020354993,0.0001025900,0.0001026950,0.9989773443,0.0338684227,3.3658600000,0.2500000000,0.0625000000,-0.0000089300,0.0100000000,0.9900000000,0.5000000000,0.9800000000,0.0338684227
2026-02-24T18:18:47,55340232221131981411,64127.4816129500,64155.0200000000,0.0429431912,0.0010419264,0.0017276230,9.5020354993,0.0000994647,0.0001011429,0.9834079508,0.0338684227,3.8400700000,0.2500000000,0.0625000000,-0.0000089300,0.0100000000,0.9900000000,0.5000000000,0.9800000000,0.0338684227
2026-02-24T18:18:48,55340232221131981411,64127.4816129500,64161.7200000000,0.0533911300,0.0005008913,0.0018320521,9.5020354993,0.0000997695,0.0001012430,0.9854461437,0.0338684227,3.9199700000,0.2433333333,0.0592111111,-0.0000089300,0.0100000000,0.9900000000,0.5000000000,0.9800000000,0.0338684227
2026-02-24T18:18:49,55340232221131981411,64127.4816129500,64161.7200000000,0.0533911300,0.0005007354,0.0018320521,9.3572242400,0.0000967301,0.0000997128,0.9700876015,0.0338684227,3.9156300000,0.2433333333,0.0592111111,-0.0000089300,0.0100000000,0.9900000000,0.5000000000,0.9800000000,0.0338684227
2026-02-24T18:18:50,55340232221131981411,64127.4816129500,64164.0200000000,0.0569777358,0.0006549427,0.0016226294,9.3572242400,0.0000941935,0.0000984018,0.9572336600,0.0338684227,3.9278600000,0.2366666667,0.0560111111,-0.0000089300,0.0100000000,0.9900000000,0.5000000000,0.9800000000,0.0338684227
2026-02-24T18:18:51,55340232221131981411,64127.4816129500,64164.9300000000,0.0583967842,0.0006692810,0.0016368117,9.3572242400,0.0000913900,0.0000969456,0.9426935819,0.0338684227,3.9603500000,0.2366666667,0.0560111111,-0.0000089300,0.0100000000,0.9900000000,0.5000000000,0.9800000000,0.0338684227
2026-02-24T18:18:52,55340232221131981411,64127.4816129500,64169.9900000000,0.0662873170,0.0007479812,0.0017156678,9.3572242400,0.0000906869,0.0000964523,0.9402247075,0.0338684227,4.0314000000,0.2300000000,0.0529000000,-0.0000089300,0.0100000000,0.9900000000,0.5000000000,0.9800000000,0.0338684227
2026-02-24T18:18:53,55340232221131981411,64127.4816129500,64169.9900000000,0.0662873170,0.0007481372,0.0017155117,9.3572242400,0.0000879242,0.0000949945,0.9255709581,0.0338684227,3.3293300000,0.2300000000,0.0529000000,-0.0000089300,0.0100000000,0.9900000000,0.5000000000,0.9800000000,0.0338684227
2026-02-24T18:18:54,55340232221131981411,64127.4816129500,64168.3900000000,0.0637922869,0.0006059335,0.0016412501,9.7471085833,0.0000854642,0.0000936584,0.9125095126,0.0338684227,3.2050700000,0.2233333333,0.0498777778,-0.0000089300,0.0100000000,0.9900000000,0.5000000000,0.9800000000,0.0338684227
2026-02-24T18:18:55,55340232221131981411,64127.4816129500,64168.3900000000,0.0637922869,0.0006867108,0.0016410940,9.7471085833,0.0000828606,0.0000922428,0.8982877148,0.0338684227,2.7365300000,0.2233333333,0.0498777778,-0.0000089300,0.0100000000,0.9900000000,0.5000000000,0.9800000000,0.0338684227
2026-02-24T18:18:56,55340232221131981411,64127.4816129500,64163.8800000000,0.0567594207,0.0006164245,0.0015709638,9.7471085833,0.0000821604,0.0000916607,0.8963540315,0.0338684227,2.8462500000,0.2166666667,0.0469444444,-0.0000089300,0.0100000000,0.9900000000,0.5000000000,0.9800000000,0.0338684227
2026-02-24T18:18:57,55340232221131981411,64127.4816129500,64163.8900000000,0.0567750146,0.0006454310,0.0016558834,9.7471085833,0.0000796575,0.0000902753,0.8823840847,0.0338684227,2.8429800000,0.2166666667,0.0469444444,-0.0000089300,0.0100000000,0.9900000000,0.5000000000,0.9800000000,0.0338684227
2026-02-24T18:18:58,55340232221131981411,64127.4816129500,64163.8900000000,0.0567750146,0.0006454310,0.0016557273,9.7471085833,0.0000772308,0.0000889109,0.8686318028,0.0338684227,2.8409900000,0.2100000000,0.0441000000,-0.0000089300,0.0100000000,0.9900000000,0.5000000000,0.9800000000,0.0338684227
2026-02-24T18:18:59,55340232221131981411,64127.4816129500,64163.8800000000,0.0567594207,0.0006452751,0.0016555714,9.3572242400,0.0000748780,0.0000875670,0.8550939258,0.0338684227,2.8329800000,0.2100000000,0.0441000000,-0.0000089300,0.0100000000,0.9900000000,0.5000000000,0.9800000000,0.0338684227
2026-02-24T18:19:00,55340232221131981411,64127.4816129500,64163.8800000000,0.0567594207,0.0004342950,0.0016555714,9.3572242400,0.0000725970,0.0000862435,0.8417669711,0.0338684227,2.3516700000,0.2033333333,0.0413444444,-0.0000089300,0.0100000000,0.9900000000,0.5000000000,0.9800000000,0.0338684227
2026-02-24T18:19:01,55340232221131981411,64127.4816129500,64155.6400000000,0.0439100154,0.0003058656,0.0015272981,9.3572242400,0.0000770957,0.0000878045,0.8780379687,0.0338864862,2.2870200000,0.2033333333,0.0413444444,-0.0000089300,0.0100000000,0.9900000000,0.5000000000,0.9800000000,0.0338864862
2026-02-24T18:19:02,55340232221131981411,64127.4816129500,64155.6400000000,0.0439100154,0.0004031635,0.0013435745,9.3572242400,0.0000747470,0.0000864774,0.8643534227,0.0373403965,2.2510500000,0.1966666667,0.0386777778,-0.0000089300,0.0100000000,0.9900000000,0.5000000000,0.9800000000,0.0373403965
2026-02-24T18:19:03,55340232221131981411,64127.4816129500,64155.6500000000,0.0439256093,0.0005051493,0.0013438864,9.3572242400,0.0000724700,0.0000851704,0.8508822306,0.0373403965,2.5037800000,0.1966666667,0.0386777778,-0.0000089300,0.0100000000,0.9900000000,0.5000000000,0.9800000000,0.0373403965
2026-02-24T18:19:04,55340232221131981411,64127.4816129500,64170.0000000000,0.0663029110,0.0007287991,0.0015288290,8.1875712100,0.0000890951,0.0000923956,0.9642782845,0.0373403965,2.4956900000,0.1900000000,0.0361000000,-0.0000089300,0.0100000000,0.9900000000,0.5000000000,0.9800000000,0.0373403965
2026-02-24T18:19:05,55340232221131981411,64127.4816129500,64169.9900000000,0.0662873170,0.0007286433,0.0014974587,8.1875712100,0.0000863809,0.0000909991,0.9492497022,0.0373403965,2.4859300000,0.1900000000,0.0361000000,-0.0000089300,0.0100000000,0.9900000000,0.5000000000,0.9800000000,0.0373403965
2026-02-24T18:19:06,55340232221131981411,64127.4816129500,64170.0000000000,0.0663029110,0.0007286431,0.0014554766,8.1875712100,0.0000837494,0.0000896238,0.9344553496,0.0373403965,5.3795900000,0.1833333333,0.0336111111,-0.0000089300,0.0100000000,0.9900000000,0.5000000000,0.9800000000,0.0373403965
2026-02-24T18:19:07,55340232221131981411,64127.4816129500,64171.8900000000,0.0692501653,0.0007582517,0.0016090070,8.1875712100,0.0000815179,0.0000884164,0.9219768423,0.0373403965,5.1777600000,0.1833333333,0.0336111111,-0.0000089300,0.0100000000,0.9900000000,0.5000000000,0.9800000000,0.0373403965
2026-02-24T18:19:08,55340232221131981411,64127.4816129500,64171.9800000000,0.0693905108,0.0007594982,0.0016104095,8.1875712100,0.0000790353,0.0000870804,0.9076125351,0.0373403965,4.9598000000,0.1766666667,0.0312111111,-0.0000089300,0.0100000000,0.9900000000,0.5000000000,0.9800000000,0.0373403965
2026-02-24T18:19:09,55340232221131981412,64164.8491713300,64171.9800000000,0.0111132945,0.0007596542,0.0015102096,8.2763799504,0.0000766276,0.0000857643,0.8934670585,0.0373403965,4.9091800000,0.1766666667,0.0312111111,-0.0000089300,0.0100000000,0.9900000000,0.5000000000,0.9800000000,0.0373403965
2026-02-24T18:19:10,55340232221131981412,64164.8491713300,64171.9800000000,0.0111132945,0.0006196212,0.0015102096,8.2763799504,0.0000742932,0.0000844680,0.8795420444,0.0373403965,4.9094000000,0.1700000000,0.0289000000,-0.0000089300,0.0100000000,0.9900000000,0.5000000000,0.9800000000,0.0373403965
2026-02-24T18:19:11,55340232221131981412,64164.8491713300,64174.9400000000,0.0157264122,0.0006655902,0.0015563346,8.2763799504,0.0000729106,0.0000835741,0.8724070865,0.0373403965,4.9682800000,0.1700000000,0.0289000000,-0.0000089300,0.0100000000,0.9900000000,0.5000000000,0.9800000000,0.0373403965
2026-02-24T18:19:12,55340232221131981412,64164.8491713300,64176.8700000000,0.0187342896,0.0005556504,0.0015864082,8.2763799504,0.0000710723,0.0000824756,0.8617370582,0.0373403965,4.8671700000,0.1633333333,0.0266777778,-0.0000089300,0.0100000000,0.9900000000,0.5000000000,0.9800000000,0.0373403965
2026-02-24T18:19:13,55340232221131981412,64164.8491713300,64169.1900000000,0.0067651194,0.0003941921,0.0014668878,8.2763799504,0.0000748835,0.0000838321,0.8932551593,0.0373403965,4.4736300000,0.1633333333,0.0266777778,-0.0000089300,0.0100000000,0.9900000000,0.5000000000,0.9800000000,0.0373403965
2026-02-24T18:19:14,55340232221131981412,64164.8491713300,64169.1900000000,0.0067651194,0.0002208469,0.0013565547,8.2763799504,0.0000726022,0.0000825651,0.8793334477,0.0373403965,4.4730000000,0.1566666667,0.0245444444,-0.0000089300,0.0100000000,0.9900000000,0.5000000000,0.9800000000,0.0373403965
2026-02-24T18:19:15,55340232221131981412,64164.8491713300,64169.1800000000,0.0067495346,0.0002206910,0.0013563989,7.1324799026,0.0000703905,0.0000813172,0.8656287907,-0.0067092386,4.6700000000,0.1566666667,0.0245444444,-0.0000089300,0.0100000000,0.9900000000,0.5000000000,0.9800000000,-0.0067092386
2026-02-24T18:19:16,55340232221131981412,64164.8491713300,64171.9200000000,0.0110197854,0.0002635456,0.0013990976,7.1324799026,0.0000690429,0.0000804289,0.8584342681,-0.0067092386,4.5528600000,0.1500000000,0.0225000000,-0.0000089300,0.0100000000,0.9900000000,0.5000000000,0.9800000000,-0.0067092386
2026-02-24T18:19:17,55340232221131981412,64164.8491713300,64174.1100000000,0.0144328691,0.0002975162,0.0013394427,7.1324799026,0.0000674595,0.0000794335,0.8492577229,-0.0501717340,-1.0930000000,0.1500000000,0.0225000000,-0.0000089300,0.0100000000,0.9900000000,0.5000000000,0.9800000000,-0.0501717340
2026-02-24T18:19:18,55340232221131981412,64164.8491713300,64173.8700000000,0.0140588325,0.0001893473,0.0006900827,7.1324799026,0.0000634177,0.0000770529,0.8230403435,-0.0501717340,-1.0964000000,0.1433333333,0.0205444444,-0.0000089300,0.0100000000,0.9900000000,0.5000000000,0.9800000000,-0.0501717340
2026-02-24T18:19:19,55340232221131981412,64164.8491713300,64166.5500000000,0.0026507172,0.0000394294,0.0006943722,7.1324799026,0.0000675369,0.0000784182,0.8612404642,-0.0501717340,-1.0903400000,0.1433333333,0.0205444444,-0.0000089300,0.0100000000,0.9900000000,0.5000000000,0.9800000000,-0.0501717340
2026-02-24T18:19:20,55340232221131981412,64164.8491713300,64166.6900000000,0.0028689052,0.0000274289,0.0006967099,4.7558710665,0.0000654816,0.0000772339,0.8478358028,-0.0067092386,-1.4240000000,0.1366666667,0.0186777778,-0.0000089300,0.0100000000,0.9900000000,0.5000000000,0.9800000000,-0.0067092386
2026-02-24T18:19:21,55340232221131981412,64164.8491713300,64166.6900000000,0.0028689052,0.0000274289,0.0006967099,4.7558710665,0.0000654816,0.0000772339,0.8478358028,-0.0067092386,-1.3243300000,0.1366666667,0.0186777778,-0.0000089300,0.0100000000,0.9900000000,0.5000000000,0.9800000000,-0.0067092386
2026-02-24T18:19:22,55340232221131981412,64164.8491713300,64186.9700000000,0.0344749952,0.0002645747,0.0010127118,4.7558710665,0.0000840820,0.0000854199,0.9843368935,0.0373403965,-0.9753100000,0.1300000000,0.0169000000,-0.0000080200,0.0100000000,0.9900000000,0.5000000000,0.9800000000,0.0373403965
2026-02-24T18:19:23,55340232221131981412,64164.8491713300,64190.7300000000,0.0403349014,0.0003480859,0.0009540194,4.7558710665,0.0000827736,0.0000847384,0.9768128446,0.0373403965,-1.0870400000,0.1300000000,0.0169000000,-0.0000080200,0.0100000000,0.9900000000,0.5000000000,0.9800000000,0.0373403965
2026-02-24T18:19:24,55340232221131981412,64164.8491713300,64218.1500000000,0.0830685794,0.0007751592,0.0014618700,4.7558710665,0.0001318479,0.0001115210,1.1822699576,0.0372069139,0.5177700000,0.1233333333,0.0152111111,-0.0000080200,0.0100000000,0.9900000000,0.5000000000,0.9800000000,0.0372069139
2026-02-24T18:19:25,55340232221131981412,64164.8491713300,64218.1400000000,0.0830529945,0.0008452898,0.0014617143,5.4352812189,0.0001278313,0.0001098354,1.1638438603,0.0373403965,0.4187100000,0.1233333333,0.0152111111,-0.0000080200,0.0100000000,0.9900000000,0.5000000000,0.9800000000,0.0373403965
2026-02-24T18:19:26,55340232221131981412,64164.8491713300,64218.1400000000,0.0830529945,0.0008452898,0.0014617143,5.4352812189,0.0001278313,0.0001098354,1.1638438603,0.0373403965,0.7531000000,0.1166666667,0.0136111111,-0.0000080200,0.0100000000,0.9900000000,0.5000000000,0.9800000000,0.0373403965
2026-02-24T18:19:27,55340232221131981412,64164.8491713300,64213.6400000000,0.0760398089,0.0007750578,0.0014204888,5.4352812189,0.0001213813,0.0001072295,1.1319759662,0.0373403965,0.7358200000,0.1166666667,0.0136111111,-0.0000080200,0.0100000000,0.9900000000,0.5000000000,0.9800000000,0.0373403965
2026-02-24T18:19:28,55340232221131981412,64164.8491713300,64213.6400000000,0.0760398089,0.0007752136,0.0014204888,5.4352812189,0.0001176835,0.0001056088,1.1143337026,0.0373403965,0.7328100000,0.1100000000,0.0121000000,-0.0000080200,0.0100000000,0.9900000000,0.5000000000,0.9800000000,0.0373403965
2026-02-24T18:19:29,55340232221131981412,64164.8491713300,64213.6500000000,0.0760553937,0.0007753694,0.0012096643,5.4352812189,0.0001140984,0.0001040127,1.0969664246,0.0373403965,0.4908800000,0.1100000000,0.0121000000,-0.0000080200,0.0100000000,0.9900000000,0.5000000000,0.9800000000,0.0373403965
2026-02-24T18:19:30,55340232221131981412,64164.8491713300,64213.6400000000,0.0760398089,0.0009036431,0.0012095086,5.6617512697,0.0001106225,0.0001024406,1.0798698245,0.0373403965,-0.0533000000,0.1033333333,0.0106777778,-0.0000080200,0.0100000000,0.9900000000,0.5000000000,0.9800000000,0.0373403965
2026-02-24T18:19:31,55340232221131981412,64164.8491713300,64209.7700000000,0.0700084692,0.0008433737,0.0012465372,5.6617512697,0.0001082638,0.0001014309,1.0673648420,0.0373403965,-0.0053200000,0.1033333333,0.0106777778,-0.0000080200,0.0100000000,0.9900000000,0.5000000000,0.9800000000,0.0373403965
2026-02-24T18:19:32,55340232221131981412,64164.8491713300,64209.7700000000,0.0700084692,0.0008432178,0.0013483671,5.6617512697,0.0001049656,0.0000998978,1.0507295667,0.0373403965,1.1281200000,0.0966666667,0.0093444444,-0.0000080200,0.0100000000,0.9900000000,0.5000000000,0.9800000000,0.0373403965
2026-02-24T18:19:33,55340232221131981412,64164.8491713300,64209.7700000000,0.0700084692,0.0006195680,0.0013483671,5.6617512697,0.0001017679,0.0000983880,1.0343535582,0.0373403965,1.1131000000,0.0966666667,0.0093444444,-0.0000080200,0.0100000000,0.9900000000,0.5000000000,0.9800000000,0.0373403965
2026-02-24T18:19:34,55340232221131981412,64164.8491713300,64202.6500000000,0.0589120510,0.0005088312,0.0012374744,5.6617512697,0.0001023384,0.0000987861,1.0359588130,0.0373403965,1.0743700000,0.0900000000,0.0081000000,-0.0000080200,0.0100000000,0.9900000000,0.5000000000,0.9800000000,0.0373403965
2026-02-24T18:19:35,55340232221131981412,64164.8491713300,64205.5700000000,0.0634628293,0.0005541553,0.0012827984,5.4352812189,0.0000998442,0.0000976114,1.0228737139,0.0373403965,1.1408500000,0.0900000000,0.0081000000,-0.0000080200,0.0100000000,0.9900000000,0.5000000000,0.9800000000,0.0373403965
2026-02-24T18:19:36,55340232221131981412,64164.8491713300,64217.1700000000,0.0815412634,0.0007053561,0.0014636078,5.4352812189,0.0001064371,0.0001011001,1.0527901301,0.0373403965,1.1662900000,0.0833333333,0.0069444444,-0.0000080200,0.0100000000,0.9900000000,0.5000000000,0.9800000000,0.0373403965
2026-02-24T18:19:37,55340232221131981412,64164.8491713300,64219.8000000000,0.0856400808,0.0007449075,0.0015044057,5.4352812189,0.0001036811,0.0000998244,1.0386351452,0.0373403965,1.5816100000,0.0833333333,0.0069444444,-0.0000080200,0.0100000000,0.9900000000,0.5000000000,0.9800000000,0.0373403965
2026-02-24T18:19:38,55340232221131981412,64164.8491713300,64219.8000000000,0.0856400808,0.0007449075,0.0015044057,5.4352812189,0.0001036811,0.0000998244,1.0386351452,0.0373403965,1.5917100000,0.0766666667,0.0058777778,-0.0000080200,0.0100000000,0.9900000000,0.5000000000,0.9800000000,0.0373403965
2026-02-24T18:19:39,55340232221131981412,64164.8491713300,64219.7900000000,0.0856244959,0.0007447518,0.0013643730,5.4352812189,0.0000974602,0.0000968296,1.0065124433,0.0373403965,0.9490000000,0.0766666667,0.0058777778,-0.0000080200,0.0100000000,0.9900000000,0.5000000000,0.9800000000,0.0373403965
2026-02-24T18:19:40,55340232221131981413,64209.2424644000,64220.0000000000,0.0167538740,0.0007018968,0.0013674871,7.1773234158,0.0000944946,0.0000953678,0.9908436988,0.0373403965,0.9348900000,0.0700000000,0.0049000000,-0.0000080200,0.0100000000,0.9900000000,0.5000000000,0.9800000000,0.0373403965
2026-02-24T18:19:41,55340232221131981413,64209.2424644000,64220.0000000000,0.0167538740,0.0006718233,0.0012274737,7.1773234158,0.0000916159,0.0000939264,0.9754010337,0.0373403965,0.6319300000,0.0700000000,0.0049000000,-0.0000080200,0.0100000000,0.9900000000,0.5000000000,0.9800000000,0.0373403965
2026-02-24T18:19:42,55340232221131981413,64209.2424644000,64220.0000000000,0.0167538740,0.0007914997,0.0011856918,7.1773234158,0.0000888249,0.0000925068,0.9601990483,0.0373403965,0.5804200000,0.0633333333,0.0040111111,-0.0000080200,0.0100000000,0.9900000000,0.5000000000,0.9800000000,0.0373403965
2026-02-24T18:19:43,55340232221131981413,64209.2424644000,64219.9900000000,0.0167383000,0.0007913440,0.0010121909,7.1773234158,0.0000861190,0.0000911086,0.9452340428,0.0373403965,0.5285900000,0.0633333333,0.0040111111,-0.0000080200,0.0100000000,0.9900000000,0.5000000000,0.9800000000,0.0373403965
2026-02-24T18:19:44,55340232221131981413,64209.2424644000,64212.6800000000,0.0053536461,0.0006776659,0.0008983569,7.1773234158,0.0000880283,0.0000918722,0.9581601073,0.0373403965,-0.0745300000,0.0566666667,0.0032111111,-0.0000080200,0.0100000000,0.9900000000,0.5000000000,0.9800000000,0.0373403965
2026-02-24T18:19:45,55340232221131981413,64209.2424644000,64212.6800000000,0.0053536461,0.0006349671,0.0008985128,7.1773234158,0.0000853466,0.0000904836,0.9432268281,0.0373403965,-0.0447500000,0.0566666667,0.0032111111,-0.0000080200,0.0100000000,0.9900000000,0.5000000000,0.9800000000,0.0373403965
2026-02-24T18:19:46,55340232221131981413,64209.2424644000,64212.6800000000,0.0053536461,0.0006008406,0.0008983569,7.9283249891,0.0000827466,0.0000891160,0.9285262896,0.0373403965,-0.0295000000,0.0500000000,0.0025000000,-0.0000080200,0.0100000000,0.9900000000,0.5000000000,0.9800000000,0.0373403965
2026-02-24T18:19:47,55340232221131981413,64209.2424644000,64212.6800000000,0.0053536461,0.0006044247,0.0007939278,7.9283249891,0.0000802258,0.0000877691,0.9140548644,0.0373403965,-0.4178600000,0.0500000000,0.0025000000,-0.0000080200,0.0100000000,0.9900000000,0.5000000000,0.9800000000,0.0373403965
2026-02-24T18:19:48,55340232221131981413,64209.2424644000,64212.6800000000,0.0053536461,0.0006045805,0.0007939278,7.9283249891,0.0000777818,0.0000864425,0.8998089817,0.0373403965,-0.4086400000,0.0433333333,0.0018777778,-0.0000080200,0.0100000000,0.9900000000,0.5000000000,0.9800000000,0.0373403965
2026-02-24T18:19:49,55340232221131981413,64209.2424644000,64212.6700000000,0.0053380720,0.0007184964,0.0007579258,7.9283249891,0.0000754122,0.0000851360,0.8857851952,0.0373403965,-0.5419400000,0.0366666667,0.0013444444,-0.0000080200,0.0100000000,0.9900000000,0.5000000000,0.9800000000,0.0373403965
2026-02-24T18:19:50,55340232221131981413,64209.2424644000,64212.6700000000,0.0053380720,0.0007163146,0.0007437435,7.9283249891,0.0000731149,0.0000838493,0.8719799057,0.0373403965,-0.5280600000,0.0366666667,0.0013444444,-0.0000080200,0.0100000000,0.9900000000,0.5000000000,0.9800000000,0.0373403965
2026-02-24T18:19:51,55340232221131981413,64209.2424644000,64217.5200000000,0.0128915017,0.0005719701,0.0007404147,7.6882859387,0.0000732619,0.0000836117,0.8762158914,0.0398118117,-0.5763400000,0.0300000000,0.0009000000,-0.0000080200,0.0100000000,0.9900000000,0.5000000000,0.9800000000,0.0398118117
2026-02-24T18:19:52,55340232221131981413,64209.2424644000,64217.5200000000,0.0128915017,0.0004758401,0.0007404147,7.6882859387,0.0000710300,0.0000823479,0.8625597430,0.0398118117,-0.0533200000,0.0300000000,0.0009000000,-0.0000080200,0.0100000000,0.9900000000,0.5000000000,0.9800000000,0.0398118117
2026-02-24T18:19:53,55340232221131981413,64209.2424644000,64217.5100000000,0.0128759276,0.0004171072,0.0007651931,7.6882859387,0.0000688662,0.0000811033,0.8491165141,0.0398512512,-0.1218300000,0.0233333333,0.0005444444,-0.0000080200,0.0100000000,0.9900000000,0.5000000000,0.9800000000,0.0398512512
2026-02-24T18:19:54,55340232221131981413,64209.2424644000,64215.4500000000,0.0096676668,-0.0000420451,0.0007331141,7.6882859387,0.0000672290,0.0000800705,0.8396225254,0.0398512512,-0.2056000000,0.0233333333,0.0005444444,-0.0000080200,0.0100000000,0.9900000000,0.5000000000,0.9800000000,0.0398512512
2026-02-24T18:19:55,55340232221131981413,64209.2424644000,64223.2800000000,0.0218621729,0.0000800365,0.0009253262,7.6882859387,0.0000716974,0.0000816390,0.8782242453,0.0398512512,5.0148000000,0.0166666667,0.0002777778,-0.0000080200,0.0100000000,0.9900000000,0.5000000000,0.9800000000,0.0398512512
2026-02-24T18:19:56,55340232221131981413,64209.2424644000,64223.2700000000,0.0218465988,0.0000798808,0.0009250147,6.4572062647,0.0000695132,0.0000804051,0.8645368775,0.0398512512,5.1231000000,0.0166666667,0.0002777778,-0.0000080200,0.0100000000,0.9900000000,0.5000000000,0.9800000000,0.0398512512
2026-02-24T18:19:57,55340232221131981413,64209.2424644000,64227.2100000000,0.0279827871,0.0002113035,0.0009863613,6.4572062647,0.0000690504,0.0000798995,0.8642157615,0.0398512512,5.1570100000,0.0100000000,0.0001000000,-0.0000080200,0.0100000000,0.9900000000,0.5000000000,0.9800000000,0.0398512512
2026-02-24T18:19:58,55340232221131981413,64209.2424644000,64232.0000000000,0.0354427723,0.0002858797,0.0010610933,6.4572062647,0.0000693944,0.0000797450,0.8702036302,0.0398085413,5.3473400000,0.0100000000,0.0001000000,-0.0000080200,0.0100000000,0.9900000000,0.5000000000,0.9800000000,0.0398085413
2026-02-24T18:19:59,55340232221131981413,64209.2424644000,64231.9900000000,0.0354271982,0.0002855683,0.0010609377,6.4572062647,0.0000672804,0.0000785397,0.8566412723,0.0398085413,5.9047100000,0.0033333333,0.0000111111,-0.0000080200,0.0100000000,0.9900000000,0.5000000000,0.9800000000,0.0398085413
2026-02-24T18:20:00,55340232221131981413,64209.2424644000,64231.9900000000,0.0354271982,0.0002857240,0.0011893671,6.4572062647,0.0000652307,0.0000773526,0.8432902016,0.0480279383,5.9305400000,0.0033333333,0.0000111111,-0.0000080200,0.0100000000,0.9900000000,0.5000000000,0.9800000000,0.0480279383
2026-02-24T18:20:01,55340232221131981413,64209.2424644000,64246.5700000000,0.0581342096,0.0005729573,0.0014163310,6.7262565258,0.0000842051,0.0000857281,0.9822347708,0.0480279383,6.1064000000,0.9966666667,0.9933444444,-0.0000080200,0.0100000000,0.9900000000,0.5000000000,0.9800000000,0.0480279383
2026-02-24T18:20:02,55340232221131981413,64209.2424644000,64246.5600000000,0.0581186355,0.0005728017,0.0014160195,6.7262565258,0.0000816399,0.0000844324,0.9669263353,0.0474531483,5.9412300000,0.9966666667,0.9933444444,-0.0000080200,0.0100000000,0.9900000000,0.5000000000,0.9800000000,0.0474531483
2026-02-24T18:20:03,55340232221131981413,64209.2424644000,64240.8000000000,0.0491479644,0.0004831431,0.0011027111,6.7262565258,0.0000821431,0.0000845939,0.9710289552,0.0063318492,5.7856100000,0.9900000000,0.9801000000,-0.0000080200,0.0100000000,0.9900000000,0.5000000000,0.9800000000,0.0063318492
2026-02-24T18:20:04,55340232221131981413,64209.2424644000,64240.7900000000,0.0491323903,0.0005938801,0.0011027113,6.7262565258,0.0000796407,0.0000833153,0.9558951698,0.0062800011,5.7903000000,0.9900000000,0.9801000000,-0.0000080200,0.0100000000,0.9900000000,0.5000000000,0.9800000000,0.0062800011
2026-02-24T18:20:05,55340232221131981413,64209.2424644000,64240.8000000000,0.0491479644,0.0005485558,0.0011027111,6.7262565258,0.0000772145,0.0000820561,0.9409972544,0.0062796068,5.7549700000,0.9833333333,0.9669444444,-0.0000080200,0.0100000000,0.9900000000,0.5000000000,0.9800000000,0.0062796068
2026-02-24T18:20:06,55340232221131981413,64209.2424644000,64240.7900000000,0.0491323903,0.0003677468,0.0010731029,6.4572062647,0.0000748623,0.0000808159,0.9263315332,0.0062518137,5.5813300000,0.9833333333,0.9669444444,-0.0000080200,0.0100000000,0.9900000000,0.5000000000,0.9800000000,0.0062518137
2026-02-24T18:20:07,55340232221131981413,64209.2424644000,64240.8000000000,0.0491479644,0.0003269485,0.0010718560,6.4572062647,0.0000725817,0.0000795944,0.9118943876,0.0062518137,5.6158500000,0.9766666667,0.9538777778,-0.0000080200,0.0100000000,0.9900000000,0.5000000000,0.9800000000,0.0062518137
2026-02-24T18:20:08,55340232221131981413,64209.2424644000,64240.8000000000,0.0491479644,0.0003271042,0.0010718560,6.4572062647,0.0000703706,0.0000783914,0.8976821767,0.0062518137,3.7269500000,0.9766666667,0.9538777778,-0.0000080200,0.0100000000,0.9900000000,0.5000000000,0.9800000000,0.0062518137
2026-02-24T18:20:09,55340232221131981413,64209.2424644000,64227.2200000000,0.0279983612,0.0001156897,0.0008604416,6.4572062647,0.0000856543,0.0000854502,1.0023885475,0.0068572263,1.7287500000,0.9700000000,0.9409000000,-0.0000080200,0.0100000000,0.9900000000,0.5000000000,0.9800000000,0.0068572263
2026-02-24T18:20:10,55340232221131981413,64209.2424644000,64227.2200000000,0.0279983612,0.0001124197,0.0008143166,6.4572062647,0.0000830449,0.0000841587,0.9867659517,0.0062300041,1.7206700000,0.9700000000,0.9409000000,-0.0000080200,0.0100000000,0.9900000000,0.5000000000,0.9800000000,0.0062300041
2026-02-24T18:20:11,55340232221131981414,64241.5159196400,64235.7800000000,-0.0089286804,0.0002456877,0.0009175109,7.4104257675,0.0000868809,0.0000860408,1.0097644540,0.0061751231,1.8242600000,0.9633333333,0.9280111111,-0.0000080200,0.0100000000,0.9900000000,0.5000000000,0.9800000000,0.0061751231
2026-02-24T18:20:12,55340232221131981414,64241.5159196400,64250.5400000000,0.0140471162,0.0004754397,0.0012669394,7.4104257675,0.0001013043,0.0000936189,1.0820917861,0.0060945910,3.2503300000,0.9633333333,0.9280111111,-0.0000080200,0.0100000000,0.9900000000,0.5000000000,0.9800000000,0.0060945910
2026-02-24T18:20:13,55340232221131981414,64241.5159196400,64255.5300000000,0.0218146788,0.0005532572,0.0013446011,7.4104257675,0.0001000434,0.0000931800,1.0736577095,0.0060945910,3.8207800000,0.9566666667,0.9152111111,-0.0000080200,0.0100000000,0.9900000000,0.5000000000,0.9800000000,0.0060945910
2026-02-24T18:20:14,55340232221131981414,64241.5159196400,64255.5300000000,0.0218146788,0.0006670911,0.0013447570,7.4104257675,0.0000969957,0.0000917716,1.0569243575,0.0060945910,3.8299800000,0.9566666667,0.9152111111,-0.0000080200,0.0100000000,0.9900000000,0.5000000000,0.9800000000,0.0060945910
2026-02-24T18:20:15,55340232221131981414,64241.5159196400,64260.0900000000,0.0289128924,0.0007380553,0.0013730224,7.4104257675,0.0000956338,0.0000912165,1.0484267195,0.0070023056,3.5614900000,0.9500000000,0.9025000000,-0.0000080200,0.0100000000,0.9900000000,0.5000000000,0.9800000000,0.0070023056
2026-02-24T18:20:16,55340232221131981414,64241.5159196400,64260.0900000000,0.0289128924,0.0007380553,0.0013388959,7.4343513513,0.0000927204,0.0000898378,1.0320866018,0.0060834690,3.5901300000,0.9500000000,0.9025000000,-0.0000080200,0.0100000000,0.9900000000,0.5000000000,0.9800000000,0.0060834690
2026-02-24T18:20:17,55340232221131981414,64241.5159196400,64264.7000000000,0.0360889372,0.0008097924,0.0014142171,7.4343513513,0.0000915971,0.0000893482,1.0251700635,0.0065669119,3.7702300000,0.9433333333,0.8898777778,-0.0000080200,0.0100000000,0.9900000000,0.5000000000,0.9800000000,0.0065669119
2026-02-24T18:20:18,55340232221131981414,64241.5159196400,64272.8000000000,0.0486976061,0.0009358257,0.0015404061,7.4343513513,0.0000940196,0.0000906650,1.0370004172,0.0060775538,3.8242300000,0.9433333333,0.8898777778,-0.0000080200,0.0100000000,0.9900000000,0.5000000000,0.9800000000,0.0060775538
2026-02-24T18:20:19,55340232221131981414,64241.5159196400,64272.8000000000,0.0486976061,0.0009359814,0.0016544778,7.4343513513,0.0000911554,0.0000892946,1.0208383826,0.0060775538,4.1518300000,0.9366666667,0.8773444444,-0.0000080200,0.0100000000,0.9900000000,0.5000000000,0.9800000000,0.0060775538
2026-02-24T18:20:20,55340232221131981414,64241.5159196400,64272.7900000000,0.0486820398,0.0009358258,0.0016521404,7.4343513513,0.0000883784,0.0000879450,1.0049282856,0.0060775538,4.2134500000,0.9366666667,0.8773444444,-0.0000080200,0.0100000000,0.9900000000,0.5000000000,0.9800000000,0.0060775538
2026-02-24T18:20:21,55340232221131981414,64241.5159196400,64272.7900000000,0.0486820398,0.0008602984,0.0014322685,6.5289830162,0.0000856861,0.0000866158,0.9892661070,0.0060775538,4.1235300000,0.9300000000,0.8649000000,-0.0000080200,0.0100000000,0.9900000000,0.5000000000,0.9800000000,0.0060775538
2026-02-24T18:20:22,55340232221131981414,64241.5159196400,64272.8000000000,0.0486976061,0.0008604540,0.0013362940,6.5289830162,0.0000830757,0.0000853067,0.9738480832,0.0060775538,3.5668800000,0.9300000000,0.8649000000,-0.0000080200,0.0100000000,0.9900000000,0.5000000000,0.9800000000,0.0060775538
2026-02-24T18:20:23,55340232221131981414,64241.5159196400,64272.8000000000,0.0486976061,0.0008606097,0.0012777169,6.5289830162,0.0000805449,0.0000840173,0.9586703011,0.0060775538,3.4434400000,0.9233333333,0.8525444444,-0.0000080200,0.0100000000,0.9900000000,0.5000000000,0.9800000000,0.0060775538
2026-02-24T18:20:24,55340232221131981414,64241.5159196400,64272.7900000000,0.0486820398,0.0008925331,0.0008504880,6.5289830162,0.0000780912,0.0000827475,0.9437291327,0.0060775538,2.5158400000,0.9233333333,0.8525444444,-0.0000080200,0.0100000000,0.9900000000,0.5000000000,0.9800000000,0.0060775538
2026-02-24T18:20:25,55340232221131981414,64241.5159196400,64272.7900000000,0.0486820398,0.0007706073,0.0008506438,6.5289830162,0.0000757122,0.0000814968,0.9290207655,0.0060775538,2.5999600000,0.9166666667,0.8402777778,-0.0000080200,0.0100000000,0.9900000000,0.5000000000,0.9800000000,0.0060775538
2026-02-24T18:20:26,55340232221131981414,64241.5159196400,64272.8000000000,0.0486976061,0.0007709186,0.0008507993,6.5289830162,0.0000734057,0.0000802651,0.9145417054,0.0060775538,2.6048400000,0.9166666667,0.8402777778,-0.0000080200,0.0100000000,0.9900000000,0.5000000000,0.9800000000,0.0060775538
2026-02-24T18:20:27,55340232221131981414,64241.5159196400,64272.8000000000,0.0486976061,0.0007095720,0.0009208755,4.6943207622,0.0000711695,0.0000790519,0.9002882351,0.0060775538,1.8958100000,0.9100000000,0.8281000000,-0.0000080200,0.0100000000,0.9900000000,0.5000000000,0.9800000000,0.0060775538
2026-02-24T18:20:28,55340232221131981414,64241.5159196400,64272.0800000000,0.0475768355,0.0006237934,0.0009096731,4.6943207622,0.0000690559,0.0000778813,0.8866821088,0.0060775538,1.7972400000,0.9100000000,0.8281000000,-0.0000080200,0.0100000000,0.9900000000,0.5000000000,0.9800000000,0.0060775538
2026-02-24T18:20:29,55340232221131981414,64241.5159196400,64270.1300000000,0.0445414152,0.0005936089,0.0008791772,4.6943207622,0.0000673634,0.0000768840,0.8761699514,0.0060775538,1.7291800000,0.9033333333,0.8160111111,-0.0000080200,0.0100000000,0.9900000000,0.5000000000,0.9800000000,0.0060775538
2026-02-24T18:20:30,55340232221131981414,64241.5159196400,64270.1300000000,0.0445414152,0.0005936089,0.0008793329,4.6943207622,0.0000653113,0.0000757219,0.8625145191,0.0060775538,2.3212300000,0.9033333333,0.8160111111,-0.0000080200,0.0100000000,0.9900000000,0.5000000000,0.9800000000,0.0060775538
2026-02-24T18:20:31,55340232221131981414,64241.5159196400,64270.1400000000,0.0445569815,0.0003668006,0.0009397579,4.6943207622,0.0000633216,0.0000745775,0.8490720100,0.0060775538,2.3146200000,0.8966666667,0.8040111111,-0.0000080200,0.0100000000,0.9900000000,0.5000000000,0.9800000000,0.0060775538
2026-02-24T18:20:32,55340232221131981414,64241.5159196400,64270.1400000000,0.0445569815,0.0003669562,0.0009397579,4.8899174606,0.0000613926,0.0000734503,0.8358389091,0.0060775538,2.3240300000,0.8966666667,0.8040111111,-0.0000080200,0.0100000000,0.9900000000,0.5000000000,0.9800000000,0.0060775538
2026-02-24T18:20:33,55340232221131981414,64241.5159196400,64270.1300000000,0.0445414152,0.0004564592,0.0009396023,4.8899174606,0.0000595223,0.0000723401,0.8228121625,0.0060775538,2.4672500000,0.8900000000,0.7921000000,-0.0000080200,0.0100000000,0.9900000000,0.5000000000,0.9800000000,0.0060775538
2026-02-24T18:20:34,55340232221131981414,64241.5159196400,64269.4400000000,0.0434673434,0.0004458789,0.0010397590,4.8899174606,0.0000577689,0.0000712710,0.8105528682,0.0060775538,2.3522700000,0.8900000000,0.7921000000,-0.0000080200,0.0100000000,0.9900000000,0.5000000000,0.9800000000,0.0060775538
2026-02-24T18:20:35,55340232221131981414,64241.5159196400,64269.4400000000,0.0434673434,0.0004457232,0.0009942790,4.8899174606,0.0000560091,0.0000701938,0.7979201024,0.0060775538,2.2051800000,0.8833333333,0.7802777778,-0.0000080200,0.0100000000,0.9900000000,0.5000000000,0.9800000000,0.0060775538
2026-02-24T18:20:36,55340232221131981414,64241.5159196400,64269.4500000000,0.0434829097,0.0004460345,0.0008137813,4.8899174606,0.0000543028,0.0000691329,0.7854843566,0.0060775538,2.1315600000,0.8833333333,0.7802777778,-0.0000080200,0.0100000000,0.9900000000,0.5000000000,0.9800000000,0.0060775538
2026-02-24T18:20:37,55340232221131981414,64241.5159196400,64269.4500000000,0.0434829097,0.0004458788,0.0007728273,4.6943207622,0.0000526485,0.0000680880,0.7732422928,0.0060775538,1.7773500000,0.8766666667,0.7685444444,-0.0000080200,0.0100000000,0.9900000000,0.5000000000,0.9800000000,0.0060775538
2026-02-24T18:20:38,55340232221131981414,64241.5159196400,64269.4500000000,0.0434829097,0.0004458788,0.0007729831,4.6943207622,0.0000510447,0.0000670589,0.7611910260,0.0060775538,1.7848500000,0.8766666667,0.7685444444,-0.0000080200,0.0100000000,0.9900000000,0.5000000000,0.9800000000,0.0060775538
2026-02-24T18:20:39,55340232221131981414,64241.5159196400,64269.4500000000,0.0434829097,0.0006572933,0.0007729831,4.6943207622,0.0000494896,0.0000660454,0.7493275827,0.0060775538,1.7843500000,0.8700000000,0.7569000000,-0.0000080200,0.0100000000,0.9900000000,0.5000000000,0.9800000000,0.0060775538
2026-02-24T18:20:40,55340232221131981414,64241.5159196400,64275.2000000000,0.0524335080,0.0007467564,0.0008591761,4.6943207622,0.0000527493,0.0000668673,0.7888648131,0.0060775538,2.2475600000,0.8700000000,0.7569000000,-0.0000080200,0.0100000000,0.9900000000,0.5000000000,0.9800000000,0.0060775538
